"x","y","z"
950,949.5,"AP"
950.3,949.6,"AP"
950.7,950,"AP"
950.9,950.2,"AP"
950.7,950.1,"AP"
950.5,950,"AP"
950,949.5,"AP"
949.4,948.9,"AP"
949.1,948.4,"AP"
948.8,948.2,"AP"
948.6,948,"AP"
948.9,948.3,"AP"
949.6,948.9,"AP"
950,949.3,"AP"
950.7,949.9,"AP"
951.3,950.5,"AP"
951.7,951,"AP"
951.5,950.7,"AP"
951,950.2,"AP"
950.5,949.8,"AP"
949.9,949.2,"AP"
949.9,949.1,"AP"
949.9,949.1,"AP"
950.1,949.4,"AP"
950.5,949.8,"AP"
951.1,950.4,"AP"
951.6,951,"AP"
951.8,951.1,"AP"
951.6,951.1,"AP"
951.4,950.8,"AP"
950.7,950.2,"AP"
949.9,949.4,"AP"
949.5,948.9,"AP"
948.9,948.3,"AP"
948.7,948.2,"AP"
948.9,948.3,"AP"
948.9,948.3,"AP"
949.6,949,"AP"
950.5,949.7,"AP"
951.3,950.5,"AP"
951.3,950.6,"AP"
951.1,950.4,"AP"
950.9,950.2,"AP"
950.4,949.6,"AP"
949.9,949.1,"AP"
949.6,948.9,"AP"
949.8,949.1,"AP"
950.1,949.4,"AP"
950.6,949.9,"AP"
951.1,950.4,"AP"
951.5,950.8,"AP"
951.7,951.1,"AP"
951.6,951,"AP"
951.3,950.7,"AP"
950.5,950,"AP"
949.7,949.3,"AP"
949.2,948.7,"AP"
949,948.4,"AP"
948.8,948.3,"AP"
949.5,948.9,"AP"
950.1,949.4,"AP"
951.2,950.4,"AP"
952.2,951.4,"AP"
953,952.2,"AP"
952.8,951.9,"AP"
952.6,951.8,"AP"
952.1,951.3,"AP"
951.3,950.5,"AP"
950.6,949.9,"AP"
949.8,949.1,"AP"
949,948.2,"AP"
949.7,949,"AP"
951.1,950.3,"AP"
952.1,951.4,"AP"
953.2,952.5,"AP"
953.4,952.7,"AP"
953.3,952.6,"AP"
953.2,952.7,"AP"
953,952.4,"AP"
952.4,951.8,"AP"
951.7,951.2,"AP"
951.1,950.6,"AP"
950.6,950.1,"AP"
950.6,950.1,"AP"
951.2,950.7,"AP"
952.2,951.7,"AP"
953,952.4,"AP"
953.7,953,"AP"
953.9,953.3,"AP"
954,953.3,"AP"
953.7,953,"AP"
953.3,952.7,"AP"
952.9,952.2,"AP"
952.4,951.7,"AP"
952.4,951.6,"AP"
952.7,952,"AP"
953.1,952.4,"AP"
953.6,953,"AP"
954.1,953.6,"AP"
954.1,953.6,"AP"
953.9,953.5,"AP"
953.3,953,"AP"
952.5,952.1,"AP"
951.8,951.4,"AP"
951.1,950.7,"AP"
950.5,950.2,"AP"
950.5,950.1,"AP"
951,950.5,"AP"
951.2,950.7,"AP"
951.5,950.9,"AP"
952.5,951.9,"AP"
953.6,953,"AP"
953.8,953.3,"AP"
953.8,953.2,"AP"
953.3,952.6,"AP"
952.9,952.2,"AP"
952.3,951.6,"AP"
952.2,951.5,"AP"
952.3,951.5,"AP"
952.6,951.8,"AP"
952.9,952.2,"AP"
953.5,952.9,"AP"
954,953.4,"AP"
953.9,953.3,"AP"
953.5,953,"AP"
952.7,952.4,"AP"
951.8,951.5,"AP"
950.8,950.4,"AP"
950,949.6,"AP"
949.2,948.9,"AP"
948.8,948.4,"AP"
949.1,948.8,"AP"
950,949.6,"AP"
951,950.5,"AP"
951.5,951,"AP"
952.2,951.6,"AP"
952.5,952,"AP"
952.7,952.1,"AP"
952.3,951.7,"AP"
951.8,951.2,"AP"
951.4,950.7,"AP"
951.2,950.6,"AP"
951.4,950.7,"AP"
951.7,951.1,"AP"
952.1,951.5,"AP"
952.7,952.1,"AP"
953.3,952.8,"AP"
953.6,953.1,"AP"
953.6,953.2,"AP"
953.1,952.7,"AP"
952.2,951.8,"AP"
950.8,950.5,"AP"
950.3,949.9,"AP"
950.3,949.7,"AP"
950.5,950,"AP"
951,950.4,"AP"
951.5,950.9,"AP"
951.6,951,"AP"
952.5,951.8,"AP"
953.1,952.5,"AP"
953.1,952.4,"AP"
953.1,952.4,"AP"
952.4,951.8,"AP"
951.8,951.2,"AP"
951.3,950.6,"AP"
950.9,950.2,"AP"
950.5,949.8,"AP"
951,950.2,"AP"
951.5,950.9,"AP"
952.3,951.7,"AP"
952.8,952.2,"AP"
952.7,952.2,"AP"
952.2,951.7,"AP"
951.3,951,"AP"
950.6,950.2,"AP"
949.8,949.5,"AP"
949.3,948.9,"AP"
948.6,948.3,"AP"
948.3,948.1,"AP"
948.5,948.2,"AP"
948.9,948.5,"AP"
949.5,949.1,"AP"
950.7,950.2,"AP"
951.6,951.1,"AP"
951.7,951.2,"AP"
951.7,951.1,"AP"
951.6,951.1,"AP"
951.5,950.9,"AP"
951.1,950.5,"AP"
950.7,950,"AP"
950.7,950.1,"AP"
950.8,950.1,"AP"
951,950.4,"AP"
951.3,950.9,"AP"
951.7,951.2,"AP"
951.5,951.1,"AP"
950.9,950.6,"AP"
950.5,950.2,"AP"
949.6,949.3,"AP"
948.7,948.4,"AP"
947.8,947.6,"AP"
947,946.8,"AP"
946.6,946.4,"AP"
946.9,946.6,"AP"
947.5,947.2,"AP"
948.3,948,"AP"
949.3,949,"AP"
950.1,949.7,"AP"
950.4,950,"AP"
950.3,949.9,"AP"
950.1,949.6,"AP"
949.9,949.4,"AP"
949.7,949.2,"AP"
949.8,949.3,"AP"
950,949.5,"AP"
950.2,949.6,"AP"
950.6,950,"AP"
950.9,950.4,"AP"
951.2,950.6,"AP"
951.3,950.8,"AP"
951,950.7,"AP"
950.7,950.4,"AP"
949.9,949.6,"AP"
949,948.7,"AP"
948.5,948.2,"AP"
948.4,948.1,"AP"
949,948.6,"AP"
949.5,949.1,"AP"
950.1,949.6,"AP"
950.4,950,"AP"
951.2,950.7,"AP"
952.1,951.5,"AP"
952.1,951.5,"AP"
951.9,951.3,"AP"
951.5,951,"AP"
950.9,950.3,"AP"
950.3,949.7,"AP"
949.9,949.3,"AP"
949.8,949.2,"AP"
950.1,949.5,"AP"
951,950.3,"AP"
952.1,951.4,"AP"
952.9,952.3,"AP"
953.3,952.7,"AP"
953.2,952.6,"AP"
952.2,951.6,"AP"
951.8,951.3,"AP"
951,950.5,"AP"
950.9,950.4,"AP"
950.7,950.2,"AP"
950.6,950,"AP"
950.3,949.7,"AP"
950.7,950.2,"AP"
951.2,950.5,"AP"
952,951.3,"AP"
951.9,951.3,"AP"
951.9,951.3,"AP"
952.2,951.6,"AP"
952.3,951.6,"AP"
951.6,951,"AP"
950.6,950,"AP"
949.5,948.9,"AP"
949.6,949,"AP"
950.2,949.6,"AP"
950.6,950,"AP"
951.4,950.8,"AP"
951.9,951.3,"AP"
951.8,951.4,"AP"
951.5,951.1,"AP"
951,950.6,"AP"
950.3,950,"AP"
949.5,949.1,"AP"
948.2,947.9,"AP"
947.7,947.3,"AP"
947.4,947,"AP"
947.2,946.7,"AP"
947.9,947.5,"AP"
949,948.5,"AP"
950,949.3,"AP"
950.3,949.7,"AP"
950.6,950,"AP"
950.2,949.6,"AP"
949.8,949.2,"AP"
949.6,949,"AP"
949.3,948.7,"AP"
949,948.4,"AP"
949.3,948.6,"AP"
949.5,948.8,"AP"
949.8,949.1,"AP"
950.1,949.5,"AP"
950.2,949.7,"AP"
950,949.5,"AP"
949.8,949.5,"AP"
949.2,948.9,"AP"
948.5,948.2,"AP"
947.5,947.2,"AP"
947.3,946.7,"AP"
946.4,945.9,"AP"
945.8,945.5,"AP"
945.9,945.6,"AP"
946.6,946.2,"AP"
947.6,947.1,"AP"
948.6,948.2,"AP"
948.6,948.1,"AP"
948.4,947.9,"AP"
948.5,948,"AP"
948.4,947.8,"AP"
948.5,947.9,"AP"
948,947.4,"AP"
947.9,947.3,"AP"
948.3,947.8,"AP"
948.5,947.9,"AP"
948.7,948.2,"AP"
948.8,948.3,"AP"
949.7,949.1,"AP"
950.4,949.9,"AP"
950.4,950,"AP"
950.1,949.8,"AP"
949.3,948.9,"AP"
948,947.7,"AP"
947,946.7,"AP"
946.5,946.2,"AP"
946.7,946.4,"AP"
947.9,947.5,"AP"
948.7,948.2,"AP"
949,948.5,"AP"
949.5,948.9,"AP"
950.1,949.5,"AP"
950.2,949.5,"AP"
950.3,949.7,"AP"
949.5,948.9,"AP"
949,948.5,"AP"
948.6,948.1,"AP"
948.2,947.6,"AP"
947.9,947.3,"AP"
948.2,947.6,"AP"
949,948.4,"AP"
950.2,949.6,"AP"
951,950.4,"AP"
951.2,950.7,"AP"
951,950.5,"AP"
950.5,950.1,"AP"
949.4,949,"AP"
948.3,948,"AP"
947.4,947.1,"AP"
947.3,946.9,"AP"
947.6,947.1,"AP"
948.3,947.9,"AP"
949.1,948.6,"AP"
949.7,949.1,"AP"
950.5,950,"AP"
951,950.5,"AP"
950.8,950.3,"AP"
950.5,950,"AP"
950.1,949.5,"AP"
949.9,949.3,"AP"
949.4,948.8,"AP"
948.9,948.3,"AP"
948.9,948.3,"AP"
949.3,948.7,"AP"
949.7,949.1,"AP"
950.3,949.7,"AP"
950.6,950.1,"AP"
950.7,950.2,"AP"
950.4,950,"AP"
949.9,949.5,"AP"
948.9,948.5,"AP"
948,947.7,"AP"
947.4,947.1,"AP"
947.7,947.3,"AP"
947.9,947.4,"AP"
948.3,947.8,"AP"
948.9,948.4,"AP"
949.8,949.2,"AP"
950.5,949.9,"AP"
950.9,950.3,"AP"
951.4,950.7,"AP"
951.2,950.5,"AP"
950.7,950,"AP"
950.1,949.5,"AP"
949.5,948.8,"AP"
949,948.4,"AP"
948.6,948,"AP"
949,948.4,"AP"
949.3,948.7,"AP"
949.8,949.3,"AP"
949.8,949.3,"AP"
949.6,949.1,"AP"
949.5,949.1,"AP"
949,948.6,"AP"
948.1,947.7,"AP"
947,946.7,"AP"
946.1,945.7,"AP"
945.8,945.4,"AP"
946.1,945.6,"AP"
946.9,946.4,"AP"
947.8,947.3,"AP"
948.8,948.2,"AP"
949.3,948.7,"AP"
949.6,949,"AP"
949.6,948.9,"AP"
949.3,948.6,"AP"
949,948.4,"AP"
948.5,947.9,"AP"
947.7,947.1,"AP"
947.1,946.6,"AP"
947.1,946.5,"AP"
947.2,946.6,"AP"
947.6,947,"AP"
948.1,947.6,"AP"
948.9,948.3,"AP"
949.3,948.8,"AP"
948.8,948.3,"AP"
948.1,947.7,"AP"
947.2,946.8,"AP"
946,945.7,"AP"
944.8,944.5,"AP"
944.3,944,"AP"
944.3,944.1,"AP"
944.5,944.2,"AP"
944.9,944.5,"AP"
945.5,945.2,"AP"
946.6,946.3,"AP"
947.1,946.7,"AP"
947.1,946.6,"AP"
946.7,946.2,"AP"
946.5,946,"AP"
945.9,945.4,"AP"
945.5,944.9,"AP"
945.2,944.6,"AP"
945.2,944.6,"AP"
945.5,944.9,"AP"
946,945.5,"AP"
946.4,945.9,"AP"
946.7,946.3,"AP"
946.7,946.3,"AP"
946.3,946,"AP"
945.9,945.5,"AP"
945.1,944.8,"AP"
944.6,944.2,"AP"
944,943.7,"AP"
943.5,943.2,"AP"
943.2,942.9,"AP"
943.2,942.9,"AP"
944.3,944,"AP"
945.9,945.4,"AP"
947.4,946.9,"AP"
948.1,947.5,"AP"
948.1,947.6,"AP"
948,947.4,"AP"
947.7,947.2,"AP"
947.3,946.7,"AP"
946.8,946.2,"AP"
946.3,945.7,"AP"
946.3,945.7,"AP"
946.4,945.8,"AP"
946.7,946.1,"AP"
947.1,946.6,"AP"
947.4,946.9,"AP"
947.5,947.1,"AP"
947.5,947.2,"AP"
947.2,946.9,"AP"
946.5,946.1,"AP"
945.9,945.6,"AP"
945.2,944.8,"AP"
944.6,944.2,"AP"
944.8,944.4,"AP"
945.3,944.8,"AP"
945.7,945.3,"AP"
946.8,946.3,"AP"
947.7,947.2,"AP"
948.3,947.9,"AP"
948.4,947.9,"AP"
948.1,947.7,"AP"
948.1,947.6,"AP"
947.8,947.3,"AP"
947.3,946.8,"AP"
947,946.5,"AP"
946.7,946.2,"AP"
946.8,946.3,"AP"
947.4,946.9,"AP"
948.2,947.6,"AP"
949.1,948.5,"AP"
949.7,949.1,"AP"
950.2,949.6,"AP"
950.2,949.6,"AP"
949.6,949.1,"AP"
949.1,948.6,"AP"
948.6,948.1,"AP"
948.7,948.2,"AP"
949,948.4,"AP"
949.5,949,"AP"
950,949.4,"AP"
950.5,949.9,"AP"
951.2,950.6,"AP"
951.9,951.3,"AP"
951.8,951.2,"AP"
951.5,950.9,"AP"
951.1,950.5,"AP"
950.8,950.2,"AP"
950.5,949.9,"AP"
950.3,949.7,"AP"
950.3,949.6,"AP"
950.6,949.9,"AP"
951,950.4,"AP"
951.8,951.3,"AP"
952.5,952,"AP"
952.8,952.3,"AP"
952.8,952.4,"AP"
952.7,952.3,"AP"
951.8,951.4,"AP"
951.5,951.1,"AP"
951.4,950.8,"AP"
951.2,950.7,"AP"
951.2,950.6,"AP"
951.5,951,"AP"
952,951.5,"AP"
952.5,951.9,"AP"
953,952.4,"AP"
953.4,952.8,"AP"
953.8,953.2,"AP"
953.5,952.9,"AP"
953.3,952.6,"AP"
952.9,952.2,"AP"
952.4,951.7,"AP"
951.9,951.2,"AP"
951.7,951.1,"AP"
952,951.4,"AP"
952.4,951.7,"AP"
952.9,952.3,"AP"
953.2,952.6,"AP"
953.1,952.7,"AP"
952.7,952.3,"AP"
951.8,951.5,"AP"
950.8,950.5,"AP"
949.9,949.7,"AP"
949.1,948.9,"AP"
948.8,948.5,"AP"
948.7,948.4,"AP"
948.8,948.6,"AP"
949.5,949.1,"AP"
950.4,949.8,"AP"
951.3,950.8,"AP"
951.9,951.4,"AP"
952,951.5,"AP"
951.9,951.4,"AP"
951.7,951.2,"AP"
951.5,951,"AP"
951.2,950.6,"AP"
951,950.5,"AP"
951,950.4,"AP"
951.2,950.5,"AP"
951.5,950.9,"AP"
952.2,951.7,"AP"
952.6,952.2,"AP"
952.6,952.2,"AP"
952.4,952.1,"AP"
952,951.7,"AP"
951.1,950.8,"AP"
950.1,949.9,"AP"
949.3,949.1,"AP"
948.7,948.5,"AP"
948.6,948.4,"AP"
948.7,948.4,"AP"
949.4,949,"AP"
949.9,949.5,"AP"
950.6,950.1,"AP"
951.2,950.6,"AP"
951.1,950.6,"AP"
951.2,950.6,"AP"
951.2,950.6,"AP"
950.8,950.2,"AP"
950.2,949.5,"AP"
949.9,949.2,"AP"
949.7,949,"AP"
949.9,949.3,"AP"
950.2,949.5,"AP"
950.7,950.1,"AP"
951.1,950.5,"AP"
951,950.5,"AP"
950.8,950.5,"AP"
950.2,949.9,"AP"
949.4,949.1,"AP"
948.6,948.3,"AP"
947.7,947.5,"AP"
947.3,947.2,"AP"
947.2,947.1,"AP"
947.3,947.2,"AP"
947.8,947.5,"AP"
948.4,948,"AP"
949.2,948.8,"AP"
950,949.5,"AP"
950.1,949.5,"AP"
950,949.5,"AP"
950.1,949.5,"AP"
949.8,949.3,"AP"
949.7,949.1,"AP"
949.9,949.3,"AP"
950.2,949.5,"AP"
950.5,949.8,"AP"
951,950.3,"AP"
951.6,951.1,"AP"
952,951.5,"AP"
952.1,951.7,"AP"
951.8,951.5,"AP"
951.3,951.1,"AP"
950.5,950.2,"AP"
949.8,949.6,"AP"
948.9,948.7,"AP"
948.4,948.4,"AP"
948.7,948.5,"AP"
949.2,948.9,"AP"
950,949.6,"AP"
951.1,950.7,"AP"
951.8,951.4,"AP"
952.4,951.9,"AP"
952.6,952.1,"AP"
953,952.5,"AP"
953.1,952.6,"AP"
952.9,952.3,"AP"
952.6,952.1,"AP"
952.6,952,"AP"
952.8,952.2,"AP"
953.1,952.5,"AP"
953.5,952.8,"AP"
954.1,953.6,"AP"
954.6,954.2,"AP"
954.5,954.2,"AP"
954.5,954.2,"AP"
954.1,953.8,"AP"
953.2,952.9,"AP"
952.4,952.2,"AP"
951.9,951.7,"AP"
951.7,951.6,"AP"
951.7,951.6,"AP"
952.5,952.1,"AP"
953.2,952.8,"AP"
954.1,953.7,"AP"
954.8,954.5,"AP"
955.1,954.8,"AP"
955.3,954.8,"AP"
955.1,954.8,"AP"
954.8,954.3,"AP"
954.4,953.9,"AP"
954.3,953.7,"AP"
954.1,953.6,"AP"
954,953.4,"AP"
954.5,953.9,"AP"
955.1,954.6,"AP"
955.7,955.3,"AP"
956.3,955.9,"AP"
956.3,956,"AP"
956.2,955.9,"AP"
955.8,955.6,"AP"
955.2,954.9,"AP"
954.6,954.4,"AP"
954.3,953.9,"AP"
954.1,953.7,"AP"
954.4,954.1,"AP"
955,954.6,"AP"
955.7,955.3,"AP"
956.3,955.8,"AP"
956.8,956.4,"AP"
957.3,956.9,"AP"
957.3,956.8,"AP"
956.8,956.4,"AP"
956.5,956,"AP"
955.8,955.3,"AP"
955.5,954.9,"AP"
955.5,954.8,"AP"
955.5,954.8,"AP"
955.9,955.3,"AP"
956.6,956,"AP"
957,956.5,"AP"
957.5,957.1,"AP"
957.6,957.3,"AP"
957.2,956.9,"AP"
956.3,956,"AP"
955.1,954.9,"AP"
954.2,953.9,"AP"
953.7,953.3,"AP"
953.1,952.8,"AP"
953.2,952.8,"AP"
953.8,953.4,"AP"
954.4,954,"AP"
955.1,954.5,"AP"
955.6,955.1,"AP"
955.9,955.4,"AP"
955.7,955.3,"AP"
955.4,954.9,"AP"
955.2,954.7,"AP"
954.7,954.3,"AP"
954.4,953.9,"AP"
954.3,953.7,"AP"
954.8,954.2,"AP"
955.4,954.8,"AP"
21.54,20.94,"AT"
21.91,21.28,"AT"
22.75,22.12,"AT"
24.03,23.33,"AT"
25.19,24.19,"AT"
26.72,25.91,"AT"
27.96,26.82,"AT"
25.81,25.2,"AT"
23.09,22.41,"AT"
23.46,22.81,"AT"
23.81,23.21,"AT"
23.5,22.88,"AT"
23.08,22.49,"AT"
22.89,22.28,"AT"
22.59,21.97,"AT"
22.3,21.64,"AT"
22.01,21.41,"AT"
21.89,21.25,"AT"
21.83,21.16,"AT"
21.98,21.32,"AT"
22.08,21.43,"AT"
22.15,21.49,"AT"
22.03,21.38,"AT"
21.83,21.17,"AT"
21.89,21.22,"AT"
21.96,21.29,"AT"
23.01,22.25,"AT"
24.54,23.87,"AT"
25.97,25.02,"AT"
27.02,25.93,"AT"
27.88,27.1,"AT"
27.39,26.63,"AT"
24.55,24.14,"AT"
26.26,25.37,"AT"
25.9,25.03,"AT"
24.62,24.07,"AT"
23.54,22.96,"AT"
23.45,22.83,"AT"
23.68,23.04,"AT"
23.5,22.89,"AT"
22.82,22.17,"AT"
22.88,22.21,"AT"
22.63,22.07,"AT"
22.38,21.87,"AT"
22.37,21.84,"AT"
22.03,21.45,"AT"
22.06,21.45,"AT"
22.28,21.64,"AT"
22.41,21.77,"AT"
22.85,22.23,"AT"
23.91,23.21,"AT"
25.05,24.33,"AT"
26.66,25.68,"AT"
27.96,26.93,"AT"
29.68,28.35,"AT"
29.32,28.56,"AT"
28.05,27.44,"AT"
25.93,25.31,"AT"
25.11,24.37,"AT"
24.93,24.26,"AT"
22.53,21.97,"AT"
20.97,20.28,"AT"
20.3,19.58,"AT"
20.8,20.06,"AT"
20.77,20.09,"AT"
20.78,20.13,"AT"
20.88,20.27,"AT"
20.83,20.2,"AT"
20.86,20.26,"AT"
21,20.38,"AT"
21.22,20.62,"AT"
21.3,20.65,"AT"
21.35,20.67,"AT"
21.76,21.07,"AT"
22.6,21.85,"AT"
22.87,22.1,"AT"
23.78,22.87,"AT"
25.74,24.68,"AT"
25.4,24.55,"AT"
26.2,25.34,"AT"
27.18,26.33,"AT"
27.86,27.1,"AT"
27.54,26.83,"AT"
26.98,26.18,"AT"
25.28,24.61,"AT"
24.25,23.59,"AT"
23.1,22.39,"AT"
22.83,22.13,"AT"
23.08,22.27,"AT"
23.15,22.27,"AT"
22.84,21.92,"AT"
22.22,21.39,"AT"
22.22,21.23,"AT"
22.33,21.38,"AT"
22.21,21.34,"AT"
21.79,20.98,"AT"
21.87,20.96,"AT"
26.48,23.46,"AT"
27.59,25.59,"AT"
28.25,26.72,"AT"
30.06,28.57,"AT"
31.74,30.14,"AT"
31.73,30.44,"AT"
30.73,29.58,"AT"
29.84,28.73,"AT"
30.65,29.52,"AT"
29.4,28.48,"AT"
26.83,26.12,"AT"
25.05,24.33,"AT"
23.88,23.04,"AT"
23.08,22.38,"AT"
22.69,22,"AT"
22.5,21.7,"AT"
22.11,21.36,"AT"
21.79,21.05,"AT"
21.27,20.58,"AT"
21.02,20.31,"AT"
20.71,19.92,"AT"
20.39,19.69,"AT"
20.1,19.44,"AT"
20.66,19.61,"AT"
22.98,21.21,"AT"
25.54,23.56,"AT"
27.67,25.94,"AT"
29.52,28.17,"AT"
31.52,29.96,"AT"
32.61,31.15,"AT"
32.81,31.77,"AT"
32.72,31.6,"AT"
32.02,30.78,"AT"
30.72,29.95,"AT"
29.33,28.53,"AT"
27.38,26.71,"AT"
26.02,25.28,"AT"
25.65,24.89,"AT"
24.79,24.07,"AT"
24.14,23.39,"AT"
24.01,23.22,"AT"
23.79,22.96,"AT"
23.55,22.74,"AT"
23.38,22.55,"AT"
22.98,22.13,"AT"
22.57,21.68,"AT"
22.38,21.5,"AT"
23.01,21.97,"AT"
24.24,23.19,"AT"
26.27,25.16,"AT"
27.54,26.39,"AT"
29.42,28.23,"AT"
31.37,30.26,"AT"
32.56,31.31,"AT"
33.82,32.58,"AT"
31.08,30.18,"AT"
26.05,25.32,"AT"
25.36,24.46,"AT"
24.54,23.73,"AT"
23.6,22.74,"AT"
23.12,22.25,"AT"
22.74,21.82,"AT"
22.68,21.76,"AT"
22.38,21.56,"AT"
22.36,21.44,"AT"
22.28,21.42,"AT"
21.81,20.99,"AT"
21.6,20.75,"AT"
21.43,20.52,"AT"
20.98,20.11,"AT"
21.04,20.17,"AT"
21.81,20.77,"AT"
22.82,21.67,"AT"
25.93,24.01,"AT"
28.74,26.58,"AT"
30.42,28.82,"AT"
32.37,30.97,"AT"
34.32,32.52,"AT"
34.02,32.73,"AT"
32.13,31.09,"AT"
33.9,32.63,"AT"
33.85,32.81,"AT"
29.87,29.09,"AT"
27.96,27.33,"AT"
26.8,26.16,"AT"
26.48,25.76,"AT"
25.68,24.93,"AT"
25.15,24.39,"AT"
24.88,24.1,"AT"
24.34,23.61,"AT"
23.99,23.28,"AT"
23.04,22.29,"AT"
22.61,21.83,"AT"
22.44,21.69,"AT"
22.18,21.42,"AT"
22.63,21.37,"AT"
26.71,23.57,"AT"
28.93,26.27,"AT"
29.99,28.06,"AT"
31.81,29.8,"AT"
33.1,31.41,"AT"
34.41,32.99,"AT"
35.78,34.17,"AT"
35.98,34.67,"AT"
35.98,34.82,"AT"
35.3,34.35,"AT"
31.75,30.98,"AT"
29.46,28.82,"AT"
28.63,27.91,"AT"
26.9,26.22,"AT"
25.27,24.58,"AT"
25.04,24.36,"AT"
24.47,23.68,"AT"
24.08,23.37,"AT"
23.74,23.02,"AT"
23.44,22.69,"AT"
23.35,22.52,"AT"
23.23,22.42,"AT"
23.1,22.31,"AT"
23.51,22.7,"AT"
24.34,23.37,"AT"
24.89,23.73,"AT"
27.1,25.45,"AT"
29.85,27.97,"AT"
30.81,29.04,"AT"
31.1,29.58,"AT"
31.28,29.87,"AT"
30.58,29.36,"AT"
29.21,28.13,"AT"
27.76,26.77,"AT"
26.64,25.74,"AT"
25.63,24.86,"AT"
25.21,24.44,"AT"
24.17,23.43,"AT"
22.3,21.47,"AT"
22.3,21.36,"AT"
22.3,21.46,"AT"
22.54,21.69,"AT"
22.22,21.43,"AT"
21.75,20.93,"AT"
21.27,20.4,"AT"
21.61,20.76,"AT"
21.68,20.74,"AT"
21.6,20.65,"AT"
21.79,20.79,"AT"
22.13,21.09,"AT"
23.85,22.74,"AT"
24.72,23.65,"AT"
25.33,24.22,"AT"
26.48,25.41,"AT"
27.79,26.56,"AT"
25.14,24.18,"AT"
24.62,23.69,"AT"
24.19,23.42,"AT"
24.08,23.35,"AT"
23.89,23.13,"AT"
23.69,22.93,"AT"
23.57,22.9,"AT"
22.8,22.15,"AT"
21.71,21,"AT"
21.66,20.86,"AT"
21.71,20.95,"AT"
21.82,20.9,"AT"
21.66,20.9,"AT"
21.63,20.76,"AT"
21.35,20.59,"AT"
21.58,20.75,"AT"
22,21.16,"AT"
22.87,21.98,"AT"
24.01,22.97,"AT"
25.75,24.4,"AT"
27.67,26.18,"AT"
29.49,27.97,"AT"
29.94,28.52,"AT"
30.15,28.82,"AT"
31.58,30.24,"AT"
31.62,30.72,"AT"
29.36,28.57,"AT"
28.62,27.81,"AT"
27.87,27.18,"AT"
25.83,25.24,"AT"
22.39,21.78,"AT"
22.45,21.71,"AT"
22.65,21.87,"AT"
22.24,21.44,"AT"
21.73,20.88,"AT"
21.4,20.51,"AT"
21.21,20.36,"AT"
21.13,20.24,"AT"
21.15,20.22,"AT"
21.03,20.06,"AT"
21.48,20.4,"AT"
23.82,22.19,"AT"
26.01,24.72,"AT"
27.39,26.01,"AT"
29.33,27.78,"AT"
31.53,29.87,"AT"
31.54,30.19,"AT"
33.26,31.65,"AT"
25.87,25.28,"AT"
26.13,25.36,"AT"
30.8,29.8,"AT"
29.51,28.74,"AT"
26.65,26.02,"AT"
25.75,25.05,"AT"
25.7,24.98,"AT"
25.16,24.41,"AT"
25.02,24.25,"AT"
24.16,23.41,"AT"
23.87,23.13,"AT"
24,23.2,"AT"
23.65,22.97,"AT"
23.44,22.82,"AT"
23.13,22.35,"AT"
23.21,22.37,"AT"
22.86,21.99,"AT"
23.78,22.93,"AT"
24.65,23.75,"AT"
26.25,25.21,"AT"
28.55,27.24,"AT"
30.63,29.05,"AT"
31.74,30.1,"AT"
32.43,31.18,"AT"
32.7,31.47,"AT"
32.5,31.25,"AT"
30.11,29.14,"AT"
28.07,27.26,"AT"
25.16,24.38,"AT"
23.44,22.67,"AT"
22.97,22.24,"AT"
23.06,22.3,"AT"
22.84,22.05,"AT"
23.02,22.24,"AT"
22.85,22.06,"AT"
23.23,22.39,"AT"
22.92,22.12,"AT"
22.54,21.76,"AT"
22.32,21.52,"AT"
22.15,21.36,"AT"
22.34,21.46,"AT"
23.4,22.43,"AT"
24.19,23.25,"AT"
25.74,24.55,"AT"
27.52,26.21,"AT"
29.88,28.1,"AT"
30.17,28.92,"AT"
31.17,30.06,"AT"
32.03,30.83,"AT"
28.68,27.73,"AT"
26.52,25.74,"AT"
26.34,25.62,"AT"
25.48,24.86,"AT"
24.63,24.01,"AT"
24.61,23.89,"AT"
24.53,23.76,"AT"
24.21,23.37,"AT"
23.66,22.86,"AT"
23.67,22.86,"AT"
23.51,22.73,"AT"
23.36,22.52,"AT"
23.04,22.25,"AT"
22.91,22.09,"AT"
22.94,22.06,"AT"
23.31,22.36,"AT"
24.15,23.14,"AT"
25.4,24.26,"AT"
26.41,25.28,"AT"
28.11,26.99,"AT"
29.6,28.53,"AT"
30.52,29.53,"AT"
30.89,30.01,"AT"
31.22,30.09,"AT"
26.87,26.13,"AT"
25.83,25.08,"AT"
25.18,24.46,"AT"
23.58,22.92,"AT"
23.64,22.97,"AT"
23.98,23.22,"AT"
23.98,23.19,"AT"
24.07,23.27,"AT"
24,23.16,"AT"
23.88,23.08,"AT"
23.55,22.74,"AT"
23.38,22.56,"AT"
23.19,22.34,"AT"
23.13,22.31,"AT"
23.1,22.27,"AT"
23.37,22.56,"AT"
24.23,23.47,"AT"
25.77,24.92,"AT"
26.99,26.12,"AT"
28.31,27.37,"AT"
29.66,28.65,"AT"
31.02,29.73,"AT"
31.41,30.07,"AT"
29.65,28.49,"AT"
30.4,29.26,"AT"
27.79,27,"AT"
23.54,22.97,"AT"
23.44,22.82,"AT"
23.51,22.74,"AT"
23.47,22.69,"AT"
23.49,22.77,"AT"
23.28,22.52,"AT"
23.13,22.34,"AT"
23.04,22.28,"AT"
23.04,22.23,"AT"
23.16,22.33,"AT"
23.03,22.16,"AT"
22.91,22.01,"AT"
23.06,22.16,"AT"
23.16,22.3,"AT"
23.76,22.86,"AT"
24.23,23.47,"AT"
25.73,24.76,"AT"
27.11,25.98,"AT"
30.12,28.47,"AT"
31.08,29.52,"AT"
32.47,31.15,"AT"
33.06,31.98,"AT"
33.15,32.29,"AT"
32.46,31.69,"AT"
31.31,30.49,"AT"
29.23,28.51,"AT"
27.9,27.16,"AT"
27.44,26.69,"AT"
26.6,25.77,"AT"
25.84,25.05,"AT"
25.19,24.46,"AT"
24.86,24.15,"AT"
24.17,23.49,"AT"
23.82,23.06,"AT"
23.51,22.73,"AT"
23.47,22.62,"AT"
23.21,22.44,"AT"
23.3,22.43,"AT"
25.74,23.8,"AT"
28.44,26.37,"AT"
29.93,28.23,"AT"
31.27,29.53,"AT"
32.57,31.09,"AT"
33.25,32.26,"AT"
33.14,32.26,"AT"
33.28,32.51,"AT"
33.52,32.79,"AT"
33.11,32.54,"AT"
31.12,30.51,"AT"
26.96,26.33,"AT"
25.15,24.55,"AT"
23.42,22.83,"AT"
23.34,22.76,"AT"
23.4,22.78,"AT"
23.32,22.7,"AT"
23.25,22.54,"AT"
23.02,22.31,"AT"
22.96,22.22,"AT"
22.73,22.01,"AT"
22.69,21.94,"AT"
22.55,21.8,"AT"
22.4,21.67,"AT"
23.38,22.34,"AT"
25.54,23.95,"AT"
26.81,25.31,"AT"
27.67,26.39,"AT"
28.92,27.55,"AT"
29.98,28.56,"AT"
29.02,27.81,"AT"
28.22,27.12,"AT"
28.65,27.55,"AT"
25.73,24.94,"AT"
24.91,24.14,"AT"
23.77,23.15,"AT"
23.39,22.65,"AT"
23.52,22.78,"AT"
23.6,22.83,"AT"
23.54,22.72,"AT"
23.05,22.21,"AT"
22.74,21.95,"AT"
22.71,21.87,"AT"
22.56,21.69,"AT"
22.28,21.41,"AT"
22.35,21.48,"AT"
21.92,21.13,"AT"
21.79,21,"AT"
20.86,20.17,"AT"
20.89,20.09,"AT"
20.93,20.16,"AT"
21.46,20.63,"AT"
22.04,21.24,"AT"
23.38,22.46,"AT"
22.89,21.83,"AT"
23.46,22.35,"AT"
22.56,21.64,"AT"
21.9,21.1,"AT"
21.37,20.6,"AT"
20.17,19.36,"AT"
19.86,19.11,"AT"
20.05,19.19,"AT"
20.1,19.23,"AT"
20.07,19.26,"AT"
20.12,19.26,"AT"
20.05,19.16,"AT"
20.05,19.15,"AT"
19.67,18.9,"AT"
19.51,18.67,"AT"
19.02,18.24,"AT"
18.76,17.94,"AT"
19.37,18.49,"AT"
20.23,19.3,"AT"
22.85,21.09,"AT"
23.97,22.94,"AT"
24.27,23.25,"AT"
24.3,23.38,"AT"
24.74,23.76,"AT"
22.81,22.09,"AT"
21.18,20.59,"AT"
21.68,21.02,"AT"
21.47,20.74,"AT"
20.54,19.78,"AT"
20.13,19.39,"AT"
20.28,19.52,"AT"
20.05,19.28,"AT"
19.61,18.83,"AT"
19.57,18.78,"AT"
19.5,18.68,"AT"
19.62,18.82,"AT"
19.47,18.7,"AT"
18.94,18.11,"AT"
18.89,18.09,"AT"
18.67,17.81,"AT"
18.01,17.19,"AT"
18.39,17.36,"AT"
20.79,19.56,"AT"
22.59,21.56,"AT"
24.39,23.3,"AT"
26.21,25.18,"AT"
27.65,26.62,"AT"
28.91,27.76,"AT"
30.07,28.81,"AT"
31.31,29.68,"AT"
30.54,29.67,"AT"
31.3,30.07,"AT"
30.06,28.77,"AT"
25.45,24.73,"AT"
23.4,22.7,"AT"
23.19,22.4,"AT"
23.1,22.36,"AT"
23.03,22.25,"AT"
22.27,21.45,"AT"
21.98,21.17,"AT"
21.47,20.64,"AT"
21.22,20.39,"AT"
21.34,20.47,"AT"
21.14,20.31,"AT"
20.43,19.68,"AT"
20.74,19.56,"AT"
24.53,21.84,"AT"
24.41,22.54,"AT"
26.27,24.46,"AT"
28.19,26.62,"AT"
29.82,28.26,"AT"
30.69,29.25,"AT"
31.51,30.18,"AT"
31.93,30.52,"AT"
31.46,30.2,"AT"
28.97,28.24,"AT"
27.51,26.71,"AT"
25.09,24.39,"AT"
24.06,23.44,"AT"
23.2,22.42,"AT"
22.28,21.47,"AT"
22.19,21.42,"AT"
21.51,20.71,"AT"
20.78,19.86,"AT"
20.36,19.45,"AT"
19.94,19.13,"AT"
19.55,18.89,"AT"
19.52,18.85,"AT"
19.15,18.46,"AT"
20.24,19.33,"AT"
21.37,20.31,"AT"
22.49,21.49,"AT"
25.11,23.76,"AT"
27.58,25.91,"AT"
30.06,28.33,"AT"
31.34,29.7,"AT"
32.4,30.88,"AT"
32.99,31.38,"AT"
33.51,32.08,"AT"
32.64,31.42,"AT"
30.43,29.54,"AT"
27.33,26.8,"AT"
25.39,24.88,"AT"
23.54,23.14,"AT"
22.79,22.36,"AT"
22.07,21.58,"AT"
21.8,21.3,"AT"
21.03,20.45,"AT"
20.42,19.84,"AT"
19.68,19.14,"AT"
19.12,18.47,"AT"
18.82,18.08,"AT"
18.42,17.81,"AT"
19.34,17.85,"AT"
22.59,19.85,"AT"
25.02,22.44,"AT"
26.66,25.33,"AT"
28.5,27.12,"AT"
30.52,29.24,"AT"
31.25,30.17,"AT"
32.21,31.3,"AT"
33.31,32.29,"AT"
32.59,31.61,"AT"
29.93,28.91,"AT"
27.37,26.58,"AT"
25.28,24.63,"AT"
24.53,23.93,"AT"
24.2,23.64,"AT"
23.51,22.93,"AT"
22.86,22.36,"AT"
22.04,21.58,"AT"
21.36,20.77,"AT"
20.5,19.77,"AT"
20.28,19.55,"AT"
20.34,19.59,"AT"
19.48,18.79,"AT"
19.42,18.63,"AT"
20.29,19.4,"AT"
21.45,20.5,"AT"
24.1,22.79,"AT"
25.17,24.36,"AT"
27.57,26.28,"AT"
28.46,27.39,"AT"
29.64,28.74,"AT"
30.78,29.85,"AT"
32.1,30.87,"AT"
32,30.69,"AT"
30.22,29.18,"AT"
25.76,25.16,"AT"
24.11,23.51,"AT"
23.81,23.13,"AT"
23.89,23.16,"AT"
23.6,22.92,"AT"
23.36,22.7,"AT"
22.98,22.3,"AT"
22.27,21.67,"AT"
21.49,20.85,"AT"
21.09,20.4,"AT"
20.91,20.17,"AT"
20.94,20.15,"AT"
21.07,20.38,"AT"
21.6,20.78,"AT"
22.48,21.6,"AT"
24.04,23.13,"AT"
25.08,24.17,"AT"
26.92,26.01,"AT"
28.14,26.96,"AT"
28.98,27.5,"AT"
27.75,26.54,"AT"
26.97,25.92,"AT"
25.81,24.99,"AT"
25.99,25.1,"AT"
25.05,24.31,"AT"
23.34,22.63,"AT"
22.45,21.8,"AT"
22.51,21.83,"AT"
22.43,21.68,"AT"
21.88,21.18,"AT"
21.4,20.69,"AT"
21.09,20.39,"AT"
20.57,19.99,"AT"
19.52,19.09,"AT"
19.11,18.52,"AT"
18.44,17.84,"AT"
19.04,18.34,"AT"
18.6,17.98,"AT"
21.36,19.95,"AT"
22.76,21.66,"AT"
24.22,23.32,"AT"
25.38,24.42,"AT"
26.86,25.83,"AT"
27.34,25.99,"AT"
27.34,26.08,"AT"
24.9,24.45,"AT"
26.13,25.39,"AT"
25.84,25.14,"AT"
23.99,23.35,"AT"
22.41,21.73,"AT"
21.76,21.1,"AT"
21.66,20.95,"AT"
21.7,20.99,"AT"
21.5,20.76,"AT"
21.24,20.46,"AT"
20.24,19.43,"AT"
19.89,19.08,"AT"
20.03,19.22,"AT"
18.6,17.85,"AT"
17.51,16.98,"AT"
18.82,17.15,"AT"
94.71,96.08,"RH"
93.94,95.63,"RH"
89.91,91.94,"RH"
85.24,87.86,"RH"
78.82,83.5,"RH"
72.68,76.91,"RH"
67.33,73.41,"RH"
78.73,81.98,"RH"
92.41,94.78,"RH"
88.81,91.67,"RH"
88.43,91.37,"RH"
90.83,93.73,"RH"
93.52,95.78,"RH"
95.64,97.38,"RH"
95.85,97.64,"RH"
94.87,97.14,"RH"
95.02,96.86,"RH"
95.26,97.18,"RH"
95.65,97.73,"RH"
94.79,96.89,"RH"
94.91,96.97,"RH"
94.9,96.95,"RH"
95.73,97.57,"RH"
95.23,97.22,"RH"
91.84,94.36,"RH"
89.92,92.73,"RH"
87.23,90.59,"RH"
80.71,84.49,"RH"
75.62,81.07,"RH"
72.78,78.65,"RH"
67.59,72.47,"RH"
71.14,75.63,"RH"
82.53,84.93,"RH"
75.17,79.91,"RH"
74.27,79.29,"RH"
83.96,87.42,"RH"
92.17,94.68,"RH"
91.57,94.12,"RH"
92.03,94.68,"RH"
94.47,96.49,"RH"
95.32,97.47,"RH"
94.51,96.86,"RH"
95.59,97.24,"RH"
96.13,97.35,"RH"
96.96,98.08,"RH"
97.97,98.87,"RH"
98.05,99.23,"RH"
97.42,98.91,"RH"
97.17,98.73,"RH"
94.61,96.55,"RH"
90.01,92.85,"RH"
82.19,85.68,"RH"
73.75,78.64,"RH"
68.17,73.5,"RH"
60.55,66.84,"RH"
60.49,65.27,"RH"
66.44,71,"RH"
77,81.12,"RH"
79.91,84.12,"RH"
81.71,85.6,"RH"
90.63,92.16,"RH"
95.04,96.77,"RH"
95.12,97.48,"RH"
95.3,97.44,"RH"
95.25,97.25,"RH"
93.81,95.94,"RH"
94.48,96.37,"RH"
95.72,97.4,"RH"
94.91,96.68,"RH"
94.76,96.62,"RH"
93.97,95.88,"RH"
92.06,94.49,"RH"
91.56,94.22,"RH"
90.24,93.03,"RH"
85.75,88.97,"RH"
85.38,89.08,"RH"
80.2,84.78,"RH"
69.37,74.82,"RH"
71.42,76.53,"RH"
67.07,72.08,"RH"
62.68,67.76,"RH"
57.18,61.8,"RH"
60.34,64.7,"RH"
63.22,68.21,"RH"
70.54,74.87,"RH"
78.16,81.56,"RH"
84.51,87.78,"RH"
86.95,90.05,"RH"
86.77,90.24,"RH"
86.31,90.21,"RH"
88.86,92.63,"RH"
92.58,95.48,"RH"
92.74,96.42,"RH"
91.05,94.82,"RH"
91.51,94.77,"RH"
94.65,97.16,"RH"
93.92,97.08,"RH"
74.08,87.38,"RH"
67.69,77.06,"RH"
63.73,71.29,"RH"
55.18,61.99,"RH"
46.7,53.12,"RH"
46.92,52.68,"RH"
52.54,58.55,"RH"
60.36,66.45,"RH"
53.87,59.48,"RH"
57.7,62.88,"RH"
63.88,68.28,"RH"
74.97,79.28,"RH"
80.41,84.77,"RH"
84.77,88.1,"RH"
87.63,90.59,"RH"
88.43,91.77,"RH"
90.23,92.94,"RH"
90.56,93.32,"RH"
92.46,94.6,"RH"
93.94,96.12,"RH"
95.05,97.12,"RH"
95.63,97.61,"RH"
96.26,97.88,"RH"
94.48,97.85,"RH"
87.53,94.76,"RH"
77.39,86.24,"RH"
69.15,77.41,"RH"
61.54,68.33,"RH"
55.21,61.98,"RH"
50.42,56.75,"RH"
46.67,51.73,"RH"
46.2,51.45,"RH"
53.99,60.09,"RH"
53.5,58.16,"RH"
65.27,70.36,"RH"
67.63,71.8,"RH"
66.44,70.96,"RH"
70.49,74.99,"RH"
76.13,80.21,"RH"
80.53,84.31,"RH"
82.82,86.56,"RH"
86.32,89.9,"RH"
88.93,92.14,"RH"
90.38,93.57,"RH"
91.72,94.67,"RH"
91.24,94.47,"RH"
90.36,93.67,"RH"
87.02,91.27,"RH"
82.44,86.98,"RH"
75.46,81,"RH"
71.37,77.41,"RH"
65.35,71.58,"RH"
55.32,60.98,"RH"
49.46,55.07,"RH"
45.12,50.97,"RH"
52.09,57.11,"RH"
65.71,70.12,"RH"
66.63,71.54,"RH"
74.74,79.28,"RH"
83.46,87.72,"RH"
85.97,89.83,"RH"
87.64,91.5,"RH"
87.77,91.6,"RH"
89.81,92.99,"RH"
90.01,93.66,"RH"
89.52,92.83,"RH"
93.55,96.11,"RH"
95.18,97.67,"RH"
95.38,97.85,"RH"
96.51,98.58,"RH"
96.5,98.9,"RH"
94.77,98.29,"RH"
91.58,95.84,"RH"
78.13,86.5,"RH"
66.57,76.35,"RH"
59.95,67.64,"RH"
55.12,61.67,"RH"
46.22,53.18,"RH"
45.22,51.41,"RH"
52.68,58.47,"RH"
45.36,51.52,"RH"
44.19,49.73,"RH"
61.63,66.89,"RH"
64.39,68.82,"RH"
70.49,74.81,"RH"
71.66,76.21,"RH"
78.53,82.82,"RH"
81.9,86.02,"RH"
83.33,87.15,"RH"
85.95,89.26,"RH"
88.17,91.19,"RH"
92.08,94.69,"RH"
93.42,96.12,"RH"
93.11,95.61,"RH"
94.1,96.28,"RH"
92.77,97.11,"RH"
75.75,89.69,"RH"
66.87,78.45,"RH"
63.56,72.6,"RH"
57.48,66.3,"RH"
52.39,59.93,"RH"
44.19,50.54,"RH"
41.67,48.12,"RH"
40.37,46.22,"RH"
37.88,43.57,"RH"
39.37,44.21,"RH"
55.88,60.79,"RH"
62.7,67.25,"RH"
66.82,71.65,"RH"
72.51,76.51,"RH"
84.63,87.75,"RH"
85.71,88.63,"RH"
85.65,89.25,"RH"
86.8,89.9,"RH"
86.58,89.62,"RH"
89.38,92.26,"RH"
91.79,94.71,"RH"
92.41,95.22,"RH"
93.91,96.32,"RH"
91.79,94.54,"RH"
89.07,92.77,"RH"
86.61,91.52,"RH"
77.2,84.29,"RH"
63.66,71.77,"RH"
58.76,66.06,"RH"
56.78,63.71,"RH"
55.95,62.68,"RH"
58.36,64.42,"RH"
60.97,66.98,"RH"
65.65,71.34,"RH"
66.86,72.33,"RH"
71.64,76.45,"RH"
73.09,77.76,"RH"
81.3,85.32,"RH"
94.98,97.3,"RH"
95.75,98.48,"RH"
95.77,98.22,"RH"
94.96,97.39,"RH"
93.34,95.78,"RH"
94.58,96.7,"RH"
95.35,97.64,"RH"
95,97.17,"RH"
95.76,98.15,"RH"
96.54,98.79,"RH"
96.18,98.97,"RH"
94.9,98.2,"RH"
88.42,92.82,"RH"
83.68,88.23,"RH"
83.27,88.1,"RH"
77.29,82.68,"RH"
68.96,75.26,"RH"
80.1,85.01,"RH"
82.12,86.83,"RH"
81.38,85.8,"RH"
87.01,90.62,"RH"
88.16,91.66,"RH"
90.5,93.79,"RH"
81.95,85.62,"RH"
83.95,87.25,"RH"
87.93,91.05,"RH"
88.06,91.53,"RH"
91.91,94.69,"RH"
92.42,96.12,"RH"
92.77,95.4,"RH"
93.2,96.34,"RH"
93.6,96.17,"RH"
90.13,93.35,"RH"
88.51,91.92,"RH"
87.6,91.55,"RH"
83.77,88.59,"RH"
76.96,83.44,"RH"
67.69,75.06,"RH"
61.5,68.79,"RH"
59.27,65.99,"RH"
57.48,64.1,"RH"
50.19,56.07,"RH"
50.71,55.81,"RH"
58.86,63.94,"RH"
63.58,68.75,"RH"
64.6,69.18,"RH"
74.49,78.33,"RH"
85.28,88.16,"RH"
85.69,89.04,"RH"
88.18,91.3,"RH"
89.81,92.84,"RH"
92.5,95.3,"RH"
93.31,96.24,"RH"
94.31,96.89,"RH"
94.81,97.45,"RH"
94.63,97.26,"RH"
95.5,98.24,"RH"
93.79,97.58,"RH"
84.25,91.18,"RH"
72.62,78.68,"RH"
67.89,74.19,"RH"
60.76,67.8,"RH"
54.36,61.33,"RH"
54.8,61.44,"RH"
48.47,55.32,"RH"
74.89,77.46,"RH"
78.62,81.01,"RH"
60.39,65.69,"RH"
66.09,70.71,"RH"
78.97,82.31,"RH"
83.82,87.1,"RH"
80.22,83.74,"RH"
80.85,84.41,"RH"
83.6,86.98,"RH"
90.17,92.9,"RH"
91.42,93.83,"RH"
91.55,94.15,"RH"
94.23,95.75,"RH"
93.87,95.07,"RH"
97.2,98.26,"RH"
96.68,98.47,"RH"
95.92,98.02,"RH"
93.14,95.64,"RH"
90.8,93.69,"RH"
82.28,86.64,"RH"
69.77,75.53,"RH"
57.5,64.27,"RH"
54.42,61.34,"RH"
51.04,56.32,"RH"
48.33,53.47,"RH"
49.72,55.32,"RH"
55.94,61.19,"RH"
65.44,69.89,"RH"
73.98,78.29,"RH"
86.67,89.88,"RH"
88.49,91.11,"RH"
88.55,91.36,"RH"
91.23,93.84,"RH"
91.92,94.17,"RH"
93.57,95.61,"RH"
92.23,94.76,"RH"
94.2,96.26,"RH"
95.39,97.09,"RH"
95.99,97.65,"RH"
96.65,98.08,"RH"
95.47,97.56,"RH"
91.43,94.6,"RH"
86.65,90.32,"RH"
79.95,85.03,"RH"
71.52,77.55,"RH"
61.68,69.33,"RH"
61.8,67.43,"RH"
57.55,62.77,"RH"
52.78,58.25,"RH"
63.24,68.44,"RH"
72.52,77.24,"RH"
75.89,80.2,"RH"
80.21,83.57,"RH"
84.68,87.48,"RH"
84.49,87.61,"RH"
85.14,88.33,"RH"
85.04,88.64,"RH"
89.79,92.71,"RH"
90.62,93.39,"RH"
91.52,94.04,"RH"
92.76,95.33,"RH"
95.37,97.06,"RH"
96.26,98.01,"RH"
95.75,97.83,"RH"
93.19,96.12,"RH"
90.42,93.95,"RH"
83.21,88.01,"RH"
77.17,82.32,"RH"
68.86,74.15,"RH"
62.78,68.23,"RH"
58.48,63.5,"RH"
55.17,59.88,"RH"
56.78,62.51,"RH"
73.06,77.44,"RH"
77.74,81.71,"RH"
83.91,87.31,"RH"
93.43,95.13,"RH"
93.4,95.27,"RH"
92.81,94.95,"RH"
93.37,95.56,"RH"
93.05,95.22,"RH"
92.76,95.13,"RH"
94.18,96.07,"RH"
94.56,96.47,"RH"
96.32,97.71,"RH"
95.95,97.79,"RH"
93.87,95.73,"RH"
93.47,95.44,"RH"
92.94,95.02,"RH"
90.44,92.58,"RH"
82.27,85.68,"RH"
74.97,79.09,"RH"
68.68,73.36,"RH"
63.67,68.26,"RH"
59.75,65.67,"RH"
58.54,64.7,"RH"
66.37,72.2,"RH"
58.79,64.49,"RH"
70.1,74.62,"RH"
90.17,91.82,"RH"
93.41,94.74,"RH"
94.72,96.64,"RH"
93.91,96,"RH"
94.42,96.02,"RH"
94.78,96.4,"RH"
95.78,97.29,"RH"
95.18,96.64,"RH"
94.42,96.23,"RH"
94.08,95.95,"RH"
95.28,97.18,"RH"
94.61,96.79,"RH"
93.92,96.23,"RH"
94.16,96.28,"RH"
90.57,93.21,"RH"
86.32,88.82,"RH"
78.92,83.11,"RH"
73.11,78.59,"RH"
62.5,69.75,"RH"
59.22,66.17,"RH"
56.49,62.32,"RH"
54.21,59.36,"RH"
51.54,55.61,"RH"
52.18,56.69,"RH"
59.73,64.64,"RH"
69.05,73.32,"RH"
75.11,78.94,"RH"
78.12,81.8,"RH"
83.28,86.82,"RH"
85.37,88.42,"RH"
87.53,90.06,"RH"
89.42,91.71,"RH"
92.45,94.05,"RH"
93.92,95.43,"RH"
95.83,96.94,"RH"
96.67,97.87,"RH"
96.82,97.9,"RH"
96.87,98,"RH"
87.04,94.67,"RH"
73.93,82.53,"RH"
67.07,74.85,"RH"
61.85,69.17,"RH"
57.68,63.39,"RH"
48.84,53.1,"RH"
49.34,53.72,"RH"
47.48,51.33,"RH"
47.37,51.4,"RH"
47.62,51.28,"RH"
55.65,59.77,"RH"
74.57,78.34,"RH"
82.29,85.27,"RH"
94.87,95.65,"RH"
95.59,95.99,"RH"
96.15,96.43,"RH"
94.24,94.81,"RH"
96.85,97.23,"RH"
96.76,97.31,"RH"
97,97.61,"RH"
96.75,97.48,"RH"
96.53,97.37,"RH"
95.56,96.6,"RH"
95.61,96.65,"RH"
89.8,92.96,"RH"
81.63,87.99,"RH"
72.45,79.05,"RH"
67.88,73.66,"RH"
63.94,69.67,"RH"
57.94,64.03,"RH"
60.05,65.68,"RH"
65.13,70.17,"RH"
62.64,67.81,"RH"
72.18,76.3,"RH"
73.69,77.88,"RH"
76.25,79.74,"RH"
78.06,81.69,"RH"
78.54,82.01,"RH"
79.25,82.78,"RH"
80.78,84.31,"RH"
84.04,87.39,"RH"
86.44,89.37,"RH"
87.85,90.78,"RH"
89.87,92.67,"RH"
90.66,93.3,"RH"
89.98,92.72,"RH"
91.76,93.72,"RH"
91.42,93.29,"RH"
93.71,94.77,"RH"
94.61,95.83,"RH"
93.89,94.89,"RH"
88.66,90.67,"RH"
86.89,89.28,"RH"
77.94,81.57,"RH"
80.34,84.49,"RH"
75.02,79.56,"RH"
77.35,81.39,"RH"
78.39,82.15,"RH"
81.9,85.38,"RH"
91.01,93.58,"RH"
90.19,92.47,"RH"
90.68,93.35,"RH"
86.31,89.28,"RH"
81.77,85,"RH"
81.97,85.19,"RH"
82.84,86.35,"RH"
83.86,87.36,"RH"
85.28,88.14,"RH"
86.61,89.54,"RH"
91.16,93.43,"RH"
92.22,94.5,"RH"
90.1,92.93,"RH"
88.12,91.34,"RH"
75.77,82.9,"RH"
68.63,72.95,"RH"
69.31,74.15,"RH"
70.12,74.63,"RH"
67.43,72.09,"RH"
77.24,80.63,"RH"
86.53,88.83,"RH"
84.58,87.23,"RH"
82.25,85.18,"RH"
89,91.6,"RH"
90.81,92.92,"RH"
88.96,91.38,"RH"
87.55,90.06,"RH"
90.06,92.3,"RH"
89.92,92.19,"RH"
90.73,93.02,"RH"
89.54,91.94,"RH"
89.92,92.2,"RH"
92.09,94.19,"RH"
91.89,93.97,"RH"
91.42,93.75,"RH"
93.88,95.78,"RH"
93.21,96.23,"RH"
84.24,89.4,"RH"
75.57,79.72,"RH"
64.6,69.41,"RH"
57.9,62.25,"RH"
51.33,55.27,"RH"
47.44,51.99,"RH"
46.28,51.01,"RH"
44.02,49.79,"RH"
46.02,50.2,"RH"
43.96,49.1,"RH"
49.31,54.9,"RH"
72.44,76.45,"RH"
78.84,82.07,"RH"
77.81,81.5,"RH"
78.05,81.33,"RH"
79.09,82.59,"RH"
86.2,89.24,"RH"
86.78,89.57,"RH"
89.69,92.33,"RH"
90.31,92.82,"RH"
90.09,92.77,"RH"
91.72,93.98,"RH"
94.02,95.59,"RH"
93.02,96.48,"RH"
77.39,88.61,"RH"
76.23,84.31,"RH"
69.61,77.4,"RH"
62.58,69.17,"RH"
57.14,63.68,"RH"
52.72,58.03,"RH"
47.66,52.76,"RH"
44.29,49.21,"RH"
45.03,49.96,"RH"
57.81,62.17,"RH"
65.61,70.04,"RH"
74.42,78.03,"RH"
77.83,80.76,"RH"
83.45,86.4,"RH"
88.09,90.7,"RH"
88.27,90.59,"RH"
90.78,92.75,"RH"
92.88,95.06,"RH"
93.59,95.66,"RH"
95.57,97.13,"RH"
96.66,97.36,"RH"
96.89,97.4,"RH"
97.3,97.76,"RH"
96.78,97.94,"RH"
93.53,96.07,"RH"
88.38,91.5,"RH"
78.03,83.14,"RH"
67.77,74.81,"RH"
59.06,65.82,"RH"
51.75,57.73,"RH"
45.99,50.87,"RH"
38.15,42.77,"RH"
33.69,38.1,"RH"
36.39,40.79,"RH"
41.45,45.36,"RH"
59.77,63.2,"RH"
66.74,69.79,"RH"
77.9,79.86,"RH"
81.67,83.35,"RH"
84.51,86.08,"RH"
85.09,86.42,"RH"
88.09,89.44,"RH"
90.24,91.2,"RH"
94.26,94.71,"RH"
95.61,95.93,"RH"
96.12,96.8,"RH"
96.58,96.69,"RH"
92.31,96.24,"RH"
78.32,89.64,"RH"
70.81,81.19,"RH"
64.65,70.44,"RH"
58.41,63.79,"RH"
49.71,54.39,"RH"
45.7,49.67,"RH"
39.51,42.87,"RH"
35.92,39.87,"RH"
39.49,43.34,"RH"
51.65,56.26,"RH"
60.03,64.09,"RH"
68.44,71.91,"RH"
71.64,74.73,"RH"
72.63,75.35,"RH"
76.31,78.83,"RH"
78.23,80.33,"RH"
82.37,83.93,"RH"
85.3,87.12,"RH"
89.72,91.59,"RH"
92.58,94.1,"RH"
86.19,88.48,"RH"
89.2,90.9,"RH"
91.77,93.53,"RH"
89.34,91.81,"RH"
84.59,87.78,"RH"
72.26,77.65,"RH"
60.37,63.83,"RH"
53.66,58.49,"RH"
49.82,54.17,"RH"
42.71,46.01,"RH"
37.22,40.52,"RH"
36.69,40.78,"RH"
41.26,46.19,"RH"
47.39,51.93,"RH"
60.7,64.34,"RH"
68.35,71.68,"RH"
69.92,73.43,"RH"
70.12,73.62,"RH"
71.15,74.41,"RH"
72.37,75.61,"RH"
75.12,78.32,"RH"
79.18,81.81,"RH"
83.21,85.58,"RH"
84.79,87.3,"RH"
86.73,89.03,"RH"
89.49,91.63,"RH"
87.83,89.66,"RH"
85.91,88.61,"RH"
83.75,86.87,"RH"
75.76,79.47,"RH"
70.26,74.35,"RH"
61.67,65.33,"RH"
57.84,62.45,"RH"
55.13,60.99,"RH"
61.74,66.91,"RH"
63.66,68.28,"RH"
64.19,68.02,"RH"
63.2,67.36,"RH"
65.4,69.19,"RH"
73.94,77.52,"RH"
76.63,79.8,"RH"
75.19,78.46,"RH"
76,79.53,"RH"
80.1,83.21,"RH"
83.29,86.2,"RH"
83.56,86.34,"RH"
85.28,87.35,"RH"
88.19,89.35,"RH"
89.48,91.2,"RH"
91.86,93.27,"RH"
89.25,91.26,"RH"
90.27,91.96,"RH"
80.49,86.02,"RH"
75.86,80.59,"RH"
67.06,70.85,"RH"
62.08,65.98,"RH"
55.74,59.82,"RH"
54.31,59.37,"RH"
57.58,62.76,"RH"
73.55,75,"RH"
64.55,68.18,"RH"
63.92,67.52,"RH"
68.52,71.96,"RH"
75.58,78.74,"RH"
76.88,79.84,"RH"
77.68,80.68,"RH"
75.65,78.79,"RH"
74.38,77.67,"RH"
73.76,77.22,"RH"
78.47,81.98,"RH"
80.13,83.44,"RH"
80.54,83.79,"RH"
86.26,88.95,"RH"
91.84,92.94,"RH"
86.38,92.16,"RH"
0,0,"RG"
0,0.5,"RG"
0,0.6,"RG"
0,0,"RG"
0,0,"RG"
0,0,"RG"
0,0,"RG"
0,1.7,"RG"
3.75,4.6,"RG"
0,0,"RG"
0,0,"RG"
0.25,0.2,"RG"
0.25,0.3,"RG"
0.25,0.2,"RG"
0,0,"RG"
0.25,0.4,"RG"
0,0.2,"RG"
0,0,"RG"
0,0,"RG"
0,0,"RG"
0,0,"RG"
0,0,"RG"
0,0,"RG"
0,0,"RG"
0,0,"RG"
0,0,"RG"
0,0,"RG"
0,0,"RG"
0,0,"RG"
0,0,"RG"
0,0,"RG"
0,2.4,"RG"
2.75,3.2,"RG"
0,0,"RG"
0,0,"RG"
0.25,0.1,"RG"
0,0,"RG"
0,0,"RG"
0,0,"RG"
0,0,"RG"
0,0,"RG"
0,0,"RG"
0,1.6,"RG"
0,0.8,"RG"
0,0.6,"RG"
0,0.1,"RG"
0,0.1,"RG"
0,0.3,"RG"
0,0.1,"RG"
0,0,"RG"
0,0,"RG"
0,0,"RG"
0.25,0,"RG"
0,0,"RG"
0,0,"RG"
0,0,"RG"
0,0,"RG"
0,0,"RG"
0,0,"RG"
0,0,"RG"
16.25,20,"RG"
9,11.4,"RG"
2,2.8,"RG"
2.5,2.4,"RG"
0.5,0.5,"RG"
0,0.1,"RG"
0.25,0.3,"RG"
0.25,0.2,"RG"
0.25,0.4,"RG"
0,0.1,"RG"
0,0,"RG"
0,0,"RG"
0,0,"RG"
0,0,"RG"
0,0,"RG"
0,0,"RG"
0,0,"RG"
0,0,"RG"
0,0,"RG"
0.25,0,"RG"
0,0,"RG"
0,0,"RG"
0,0,"RG"
0,0,"RG"
0,0,"RG"
0,0,"RG"
0,0,"RG"
0,0,"RG"
0,0,"RG"
0,0,"RG"
0,0,"RG"
0,0,"RG"
0,0,"RG"
0,0,"RG"
0,0,"RG"
0,0,"RG"
0,0,"RG"
0,0,"RG"
0,0,"RG"
0,0,"RG"
0,0,"RG"
0,0,"RG"
0,0,"RG"
0,0,"RG"
0,0,"RG"
0,0,"RG"
0,0,"RG"
0,0,"RG"
0,0,"RG"
0,0,"RG"
0,0,"RG"
0,0,"RG"
0,0,"RG"
0,0,"RG"
0,0,"RG"
0,0,"RG"
0,0,"RG"
0,0,"RG"
0,0,"RG"
0,0,"RG"
0,0,"RG"
0,0,"RG"
0,0,"RG"
0,0,"RG"
0,0,"RG"
0,0,"RG"
0,0,"RG"
0,0,"RG"
0,0,"RG"
0,0,"RG"
0,0,"RG"
0,0,"RG"
0,0,"RG"
0,0,"RG"
0,0,"RG"
0,0,"RG"
0,0,"RG"
0,0,"RG"
0,0,"RG"
0,0,"RG"
0,0,"RG"
0,0,"RG"
0,0,"RG"
0,0,"RG"
0,0,"RG"
0,0,"RG"
0,0,"RG"
0,0,"RG"
0,0,"RG"
0,0,"RG"
0,0,"RG"
0,0,"RG"
0,0,"RG"
0,0,"RG"
0,0,"RG"
0,0,"RG"
0,0,"RG"
0,0,"RG"
0,0,"RG"
0,0,"RG"
0,0,"RG"
0,0,"RG"
0,0,"RG"
0,0,"RG"
0,0,"RG"
0,0,"RG"
0,0,"RG"
0,0,"RG"
0,0,"RG"
0,0,"RG"
0,0,"RG"
0,0,"RG"
0,0,"RG"
0,0,"RG"
0,0,"RG"
0,0,"RG"
0,0,"RG"
0,0,"RG"
0,0,"RG"
0,0,"RG"
0,0,"RG"
0,0,"RG"
0,0,"RG"
0,0,"RG"
0,0,"RG"
0,0,"RG"
0,0,"RG"
0,0,"RG"
0,0,"RG"
0,0,"RG"
0,0,"RG"
0,0,"RG"
0,0,"RG"
0,0,"RG"
0,0,"RG"
0,0,"RG"
0,0,"RG"
0,0,"RG"
0,0,"RG"
0,0,"RG"
0,0,"RG"
0,0,"RG"
0,0,"RG"
0,0,"RG"
0,0,"RG"
0,0,"RG"
0,0.1,"RG"
0.25,0.1,"RG"
0,0,"RG"
0,0,"RG"
0,0,"RG"
0,0,"RG"
0,0,"RG"
0,0,"RG"
0,0,"RG"
0,0,"RG"
0,0,"RG"
0,0,"RG"
0,0,"RG"
0,0.1,"RG"
0,0,"RG"
0,0,"RG"
0,0,"RG"
0,0,"RG"
0,0,"RG"
0,0,"RG"
0,0,"RG"
0,0,"RG"
0,0,"RG"
0,0,"RG"
2,2.2,"RG"
7.75,8.4,"RG"
1,1.1,"RG"
0,0,"RG"
0,0.1,"RG"
0,0.1,"RG"
0.25,0,"RG"
0.75,1,"RG"
0,0.1,"RG"
0,0,"RG"
1,1.2,"RG"
0.5,0.9,"RG"
1,1,"RG"
0,0.1,"RG"
0,0,"RG"
0,0,"RG"
0,0,"RG"
0,0,"RG"
0,0,"RG"
0,0,"RG"
0.25,0.1,"RG"
0,0,"RG"
0,0,"RG"
0,0,"RG"
0,0,"RG"
0,0,"RG"
0,0,"RG"
0,0,"RG"
0,0.1,"RG"
0,0,"RG"
0,0,"RG"
0,0,"RG"
0,0,"RG"
0,0,"RG"
0,0,"RG"
0,0,"RG"
0,0,"RG"
0,0,"RG"
0,0,"RG"
0,0,"RG"
0,0,"RG"
0,0,"RG"
0.25,0,"RG"
0,0,"RG"
0.5,0,"RG"
0,0,"RG"
0,0,"RG"
0.5,0.5,"RG"
0,0.1,"RG"
0,0,"RG"
0,0,"RG"
0,0,"RG"
0,0,"RG"
0,0,"RG"
0,0,"RG"
0,0,"RG"
0,0,"RG"
0,0,"RG"
0,0,"RG"
0,0,"RG"
0,0,"RG"
0,0,"RG"
0,0,"RG"
0,0,"RG"
0,0,"RG"
0,0,"RG"
3.75,6,"RG"
0.25,0.2,"RG"
0,0,"RG"
0,0,"RG"
0,0,"RG"
0,0,"RG"
0,0,"RG"
0,0,"RG"
0,0,"RG"
0,0,"RG"
0,0,"RG"
0.75,0.6,"RG"
0.5,0.7,"RG"
0.25,0.2,"RG"
0,0,"RG"
0,0.2,"RG"
0,0,"RG"
0.25,0,"RG"
0,0,"RG"
0,0,"RG"
0,0,"RG"
0,0,"RG"
0,0,"RG"
0,0.1,"RG"
0,0,"RG"
0,0,"RG"
0,0,"RG"
0,0,"RG"
0,0,"RG"
0,0,"RG"
0,0,"RG"
0,0,"RG"
0,0,"RG"
0,0,"RG"
0,0,"RG"
0,0,"RG"
0,0,"RG"
0,0,"RG"
0,0,"RG"
0,0,"RG"
0,0,"RG"
0,0,"RG"
0,0,"RG"
0,0,"RG"
0,0,"RG"
0,0,"RG"
0,0,"RG"
0,0,"RG"
0,0,"RG"
0,0,"RG"
0,0,"RG"
0,0,"RG"
0.25,0.2,"RG"
0,0,"RG"
0,0,"RG"
0,0,"RG"
0,0,"RG"
0,0,"RG"
0,0,"RG"
0,0,"RG"
0,0,"RG"
0,0,"RG"
0,0,"RG"
0,0,"RG"
0,0,"RG"
0,0,"RG"
0,0,"RG"
0,0,"RG"
0,0,"RG"
0,0,"RG"
0,0,"RG"
0,0,"RG"
0,0,"RG"
0.25,0,"RG"
0,0,"RG"
0.25,0.3,"RG"
0.25,0.2,"RG"
0,0.1,"RG"
0,0,"RG"
0,0,"RG"
0.25,0,"RG"
0,0,"RG"
0,0,"RG"
0,0,"RG"
0,0,"RG"
0,0,"RG"
0,0,"RG"
0,0,"RG"
0,0,"RG"
0,0,"RG"
0,0,"RG"
0,0,"RG"
0,0,"RG"
0,0,"RG"
0,0,"RG"
0,0,"RG"
0,0,"RG"
0,0,"RG"
0.25,0.3,"RG"
0.75,0.7,"RG"
0.25,0.1,"RG"
0,0.1,"RG"
0,0,"RG"
0,0,"RG"
0,0,"RG"
0,0,"RG"
0,0,"RG"
0,0,"RG"
0,0,"RG"
0,0,"RG"
0,0,"RG"
0,0,"RG"
0,0,"RG"
0,0,"RG"
0,0,"RG"
0,0,"RG"
0,0,"RG"
0,0,"RG"
0,0,"RG"
0,0,"RG"
0,0,"RG"
0,0,"RG"
0,0,"RG"
0,0,"RG"
0,0,"RG"
0,0,"RG"
0,0,"RG"
0,0,"RG"
0,0,"RG"
0,0,"RG"
0,0,"RG"
0,0,"RG"
0,0,"RG"
0,0,"RG"
0,0,"RG"
0,0,"RG"
0,0,"RG"
0,0,"RG"
0,0,"RG"
0,0,"RG"
0,0,"RG"
0,0,"RG"
0,0,"RG"
0,0,"RG"
0,0,"RG"
0,0,"RG"
0,0,"RG"
0,0,"RG"
0,0,"RG"
0,0.1,"RG"
6.25,7,"RG"
1.25,1.4,"RG"
0.25,0.2,"RG"
0,0,"RG"
0,0.1,"RG"
0,0,"RG"
0,0,"RG"
0,0,"RG"
0,0,"RG"
0,0,"RG"
0,0,"RG"
0,0,"RG"
0,0,"RG"
0.25,0,"RG"
0,0,"RG"
0,0,"RG"
0,0,"RG"
0,0,"RG"
0,0,"RG"
0,0,"RG"
0,0,"RG"
0,0,"RG"
0,0,"RG"
0,0,"RG"
0,0,"RG"
0,0,"RG"
0,0,"RG"
0,0,"RG"
0,0,"RG"
0,0,"RG"
0,0,"RG"
0,0,"RG"
0,0,"RG"
0,0.2,"RG"
0.75,0.6,"RG"
0.75,0.8,"RG"
2,2.3,"RG"
1,0.9,"RG"
0,0,"RG"
0,0,"RG"
0,0.1,"RG"
0,0,"RG"
0,0,"RG"
0,0,"RG"
0,0,"RG"
0,0,"RG"
0.25,0,"RG"
0,0,"RG"
0,0,"RG"
0,0,"RG"
0,0,"RG"
0,0,"RG"
0,0,"RG"
0,0,"RG"
0,0,"RG"
0,0,"RG"
0,0,"RG"
0,0,"RG"
0,0,"RG"
0,0,"RG"
0,0,"RG"
0,0,"RG"
0,0,"RG"
0,0,"RG"
0,0,"RG"
0.75,0.8,"RG"
0,0,"RG"
0,0,"RG"
0.25,0,"RG"
0,0,"RG"
0,0.1,"RG"
0,0,"RG"
0,0,"RG"
0,0,"RG"
0,0,"RG"
0,0,"RG"
0,0,"RG"
0,0,"RG"
0,0,"RG"
0,0,"RG"
0,0,"RG"
0,0,"RG"
0,0,"RG"
0,0,"RG"
0,0,"RG"
0,0,"RG"
0,0,"RG"
0,0,"RG"
0,0,"RG"
0,0,"RG"
0,0,"RG"
0,0,"RG"
0,0,"RG"
0,0,"RG"
0,0,"RG"
0,0,"RG"
0,0,"RG"
0,0,"RG"
0,0,"RG"
0,0,"RG"
0,0,"RG"
0,0,"RG"
0,0,"RG"
0,0,"RG"
0,0,"RG"
0,0,"RG"
0,0,"RG"
0,0,"RG"
0,0,"RG"
0,0,"RG"
0,0,"RG"
0,0,"RG"
0,0,"RG"
0,0,"RG"
0,0,"RG"
0,0,"RG"
0,0,"RG"
0,0,"RG"
0,0,"RG"
0,0,"RG"
0,0,"RG"
0,0,"RG"
0,0,"RG"
0,0,"RG"
0,0,"RG"
0,0,"RG"
0,0,"RG"
0,0,"RG"
0,0,"RG"
0,0,"RG"
0,0,"RG"
0,0,"RG"
0,0,"RG"
0,0,"RG"
0,0,"RG"
0,0,"RG"
0,0,"RG"
0,0,"RG"
0,0,"RG"
0,0,"RG"
0,0,"RG"
0,0,"RG"
0,0,"RG"
0,0,"RG"
0,0,"RG"
0,0,"RG"
0,0,"RG"
0,0,"RG"
0,0,"RG"
0,0,"RG"
0,0,"RG"
0,0,"RG"
0,0,"RG"
0,0,"RG"
0,0,"RG"
0,0,"RG"
0,0,"RG"
0,0,"RG"
0,0,"RG"
0,0,"RG"
0,0,"RG"
0,0,"RG"
0,0,"RG"
0,0,"RG"
0,0,"RG"
0,0,"RG"
0,0,"RG"
0,0,"RG"
0,0,"RG"
0,0,"RG"
0,0,"RG"
0,0,"RG"
0,0,"RG"
0,0,"RG"
0,0,"RG"
0,0,"RG"
0,0,"RG"
0,0,"RG"
0,0,"RG"
0,0,"RG"
0,0,"RG"
0,0,"RG"
0,0,"RG"
0,0,"RG"
0,0,"RG"
0,0,"RG"
0,0,"RG"
0,0,"RG"
0,0,"RG"
0,0,"RG"
0,0,"RG"
0,0,"RG"
0,0,"RG"
0,0,"RG"
0,0,"RG"
0,0,"RG"
0,0,"RG"
0,0,"RG"
0,0,"RG"
0,0,"RG"
0,0,"RG"
0,0,"RG"
0,0,"RG"
0,0,"RG"
0.25,0,"RG"
0,0,"RG"
0,0,"RG"
0,0,"RG"
0,0,"RG"
0,0,"RG"
0.25,0,"RG"
0,0,"RG"
0.25,0,"RG"
0,0,"RG"
0,0,"RG"
0,0,"RG"
0,0,"RG"
0,0,"RG"
0,0,"RG"
0,0,"RG"
0,0,"RG"
0,0,"RG"
0,0,"RG"
0,0,"RG"
0,0,"RG"
0,0,"RG"
0,0,"RG"
0,0,"RG"
0,0,"RG"
0,0,"RG"
0,0,"RG"
0,0,"RG"
0,0,"RG"
0.75,0,"RG"
2,0.3,"RG"
0,0.2,"RG"
0,0.1,"RG"
0,0,"RG"
0,0,"RG"
0,0,"RG"
0,0,"RG"
0,0,"RG"
0,0,"RG"
0,0,"RG"
0,0,"RG"
0,0,"RG"
0,0,"RG"
0,0,"RG"
0,0,"RG"
0,0,"RG"
0,0,"WS"
0.298127463713863,0.353808541547746,"WS"
0.171019975569729,0.102198428266892,"WS"
0.325370524327943,0.622917435315053,"WS"
0.18875477058876,0.344934618267063,"WS"
0.037942857964055,0.0440060502987533,"WS"
0.204450714815955,0.380613475928153,"WS"
0.140246458665122,0.304076578020953,"WS"
1.07077882012954,2.37121398221425,"WS"
0.531623175598011,0.990796507604924,"WS"
0.288628259018082,0.380875695125567,"WS"
0.241594926619378,0.183612289510249,"WS"
0.233491347284048,0.180342310474625,"WS"
0.278063564106934,0.264488038513737,"WS"
0.460748403447826,0.782064719659309,"WS"
0.560056858074901,1.05004440385236,"WS"
0.449925845246677,0.661127733058277,"WS"
0.490341957516953,0.789024946834412,"WS"
0.499004248526846,0.856289887439589,"WS"
0.58892017693272,0.997344309714307,"WS"
0.633465337567394,1.15944155912193,"WS"
0.580531298474622,1.02575669400343,"WS"
0.796815398924263,1.69511058221415,"WS"
0.513426746847579,0.886499305109709,"WS"
0.834042487744806,1.61161884910516,"WS"
0.839324369299927,1.69611547772799,"WS"
0.792283605272522,1.6654085761759,"WS"
0.57860736333052,1.15282959011591,"WS"
0.291169011143039,0.55019709088863,"WS"
0.443321605482443,0.783058916688063,"WS"
0.649100517282862,1.25243874734155,"WS"
0.79086918363692,1.5343822193562,"WS"
0.671975083732364,1.40630670343693,"WS"
0.675980122549661,1.47448845705783,"WS"
0.727129470902409,1.48359484600994,"WS"
0.437750139040381,0.829986627829491,"WS"
0.409879389579405,0.759351524561264,"WS"
0.303635388590976,0.538411278933932,"WS"
0.235428456087446,0.257238040774876,"WS"
0.15471595215933,0.0828434593850398,"WS"
0.085585099639659,0.118111639767482,"WS"
0.130913254155268,0.0948734704232469,"WS"
0.161935222291801,0.170641580658903,"WS"
0.204528321665279,0.217132871260339,"WS"
0.120762319936779,0.0984868928863294,"WS"
0.331415708418281,0.480621532810785,"WS"
0.424363619867377,0.818880806968118,"WS"
0.0471411126090594,0.11534865723761,"WS"
0.131406311937613,0.124856211187129,"WS"
0.452273561507202,0.742745431060674,"WS"
0.545515727133335,0.900352640363412,"WS"
0.627438868169853,1.20211508952632,"WS"
0.275791540941229,0.488844059246777,"WS"
0.216291536908793,0.31810066886833,"WS"
0.166991123567971,0.412362851549133,"WS"
0.386624633938998,0.646823312467388,"WS"
0.194669113908129,0.253232532510362,"WS"
0.527211573586054,1.37378147806889,"WS"
0.340084657060297,0.832579307101957,"WS"
0.250915820485121,0.556902842368459,"WS"
0.616595621229557,1.47117996125993,"WS"
0.873332633743388,1.83320691204715,"WS"
0.547738087176301,1.05945748929776,"WS"
0.33458117823383,0.709066879998906,"WS"
1.08301450871881,2.31706568228775,"WS"
0.966459826117971,1.97613222626275,"WS"
1.15244692564332,2.474622680016,"WS"
1.39628299845699,3.03227274482346,"WS"
1.36170712598354,2.84539308994094,"WS"
0.794214570431298,1.72079806436167,"WS"
1.58029213478676,3.4128105628671,"WS"
0.909645970242288,1.83514122450993,"WS"
0.750467063779986,1.52401350344675,"WS"
0.800285583346605,1.65938162157622,"WS"
0.656056248885559,1.30343041593877,"WS"
0.644608061228804,1.075744968236,"WS"
0.579929102705253,1.06317233670168,"WS"
0.375000261314469,0.566845017546938,"WS"
0.719032612049438,1.40950656996362,"WS"
0.771907227687281,1.62226150334036,"WS"
1.08327768422909,2.28049476428418,"WS"
0.853120031572804,1.63115999942366,"WS"
1.02504798036955,2.16998072114064,"WS"
0.704285502223186,1.40312850980272,"WS"
0.24768970153918,0.331099963542578,"WS"
0.25237585040514,0.261075098288606,"WS"
0.188468468226635,0.13099420197221,"WS"
0.0623750665616697,0.104718490932258,"WS"
0.222128977448623,0.497506693257176,"WS"
0.22760668642987,0.214373852589242,"WS"
0.1196475302523,0.0726733165083739,"WS"
0.0621743257761211,0.0853789694536665,"WS"
0.286236672380677,0.31177052190355,"WS"
0.286533233842325,0.451165328036884,"WS"
0.224545069190677,0.23133556984858,"WS"
0.257114134533125,0.473268183962931,"WS"
0.0887741121344067,0.104192081378579,"WS"
0.131950629324882,0.196529312836226,"WS"
0.283357622745761,0.446497259742022,"WS"
0.557702096214969,0.902895763511763,"WS"
0.373474213569112,0.649535216231351,"WS"
0.200227968675859,0.511299011782818,"WS"
0.650046507436889,1.41141065958774,"WS"
0.632852740157841,1.13575853201197,"WS"
0.711200636974532,1.96998170369907,"WS"
0.380638488738996,0.768356632035776,"WS"
0.900560520779861,1.71185058030816,"WS"
1.3241532946889,2.74703015104061,"WS"
0.82077359715321,1.7264518763541,"WS"
0.358477812852544,0.583973690603881,"WS"
0.0763299930445679,0.0444871728823973,"WS"
0.0557678476101838,0.00539053706085989,"WS"
0.130490736508429,0.0568853909469972,"WS"
0.1078209491585,0.156356213744998,"WS"
0.174468081428097,0.0922071550709699,"WS"
0.0972936276326023,0.0351561181993873,"WS"
0.102404037384924,0.0529839270165697,"WS"
0.217051546714286,0.073809591938804,"WS"
0.0687590418060991,0,"WS"
0.14447406111363,0,"WS"
0.123459562422303,0.0214249584577449,"WS"
0.216402108484832,0.482101170652216,"WS"
0.199823133478331,0.311319054480107,"WS"
0.400864607080491,0.64409913231572,"WS"
0.57717789634104,1.15500335482209,"WS"
0.232257864665798,0.361268678846966,"WS"
0.395613204742803,0.659095672359582,"WS"
0.408925903826606,0.835970091096716,"WS"
0.336437471349213,1.06340823729276,"WS"
0.569589983350962,1.1875124449666,"WS"
0.746486599184096,1.35381913646262,"WS"
0.353179192031294,0.824197204293704,"WS"
0.699537699807438,1.76461017755928,"WS"
0.425336559765048,0.974963475582739,"WS"
0.12562938643172,0.0662025328341226,"WS"
0.0785375105798068,0.133914123066568,"WS"
0.219827338926249,0.182553379412235,"WS"
0.153739826099561,0.143671759700369,"WS"
0.105366502698062,0.11408159083678,"WS"
0.306831712447987,0.361323104493406,"WS"
0.470069342874509,0.792830132291432,"WS"
0.333412291981331,0.491284671808764,"WS"
0.182971813854335,0.162667018511328,"WS"
0.366115321535589,0.620663736466595,"WS"
0.333142471035437,0.56889855016883,"WS"
0.592830060336335,1.2455167635715,"WS"
1.24411654130376,2.59493783826947,"WS"
1.51412006334146,3.28734989846891,"WS"
1.35951065840834,2.95004236048358,"WS"
1.34071211877423,2.87590902919065,"WS"
1.29086306740818,2.6514187159281,"WS"
0.930163281929533,1.86751062985648,"WS"
0.562423563249827,1.74952771214471,"WS"
1.70335877934616,4.19597074280088,"WS"
0.924207222865476,2.12925736529266,"WS"
0.542638931656643,1.31937401770117,"WS"
0.0874005307678264,0.289484873838906,"WS"
0.184400160874879,0.275903919604114,"WS"
0.175390840805822,0.157735115729543,"WS"
0.39752558738361,0.66192213420857,"WS"
0.244654534401738,0.26835131578207,"WS"
0.145471536888285,0.192262286467907,"WS"
0.289874246744015,0.371322917775669,"WS"
0.0871039235351204,0.142932056898669,"WS"
0.0898885692544968,0.0497900685798221,"WS"
0.246997779564022,0.378619349402648,"WS"
0.278046403548843,0.375437605773966,"WS"
0.0601995289981304,0.0947767654426632,"WS"
0.13485302580861,0.0955448052742958,"WS"
0.376509439611891,1.0267110300761,"WS"
0.232639779596958,0.313380831458379,"WS"
0.226081525196804,0.419782239337183,"WS"
0.502310011758042,0.904349349374453,"WS"
0.324071070940907,0.499080446501582,"WS"
0.0845652422113074,0.351803475860702,"WS"
0.876630361470422,2.58641923786366,"WS"
0.53912092301607,1.53783458911937,"WS"
0.257667896229624,0.616245207412082,"WS"
0.349275374338652,0.750590079039267,"WS"
0.639962029318671,1.58027168209184,"WS"
0.32782685787202,0.750644938553485,"WS"
0.160332999162786,0.119657930950573,"WS"
0.525989288340201,1.01648800165247,"WS"
0.637230599721044,1.2231768406209,"WS"
0.556397696044815,1.0270390130051,"WS"
0.292596037598488,0.452008064796766,"WS"
0.351641314862226,0.561141847664716,"WS"
0.201031477670154,0.135212090361144,"WS"
0.0689487547945821,0.0127962052125435,"WS"
0.100623130713857,0.0785960672158423,"WS"
0.215731300719284,0.127109414097657,"WS"
0.142238563940951,0.0208655059692513,"WS"
0.0919755458629833,0.169549047870058,"WS"
0.086888421754957,0.0507623395648634,"WS"
0.154146715470953,0.210722547384793,"WS"
0.329799877830219,0.459683749156834,"WS"
0.460750686671152,0.857005056582195,"WS"
0.257539822367473,0.556320453771941,"WS"
0.470151650038735,0.850965882627348,"WS"
0.312053543012662,0.629781919232633,"WS"
0.266360292372972,0.731438853314721,"WS"
0.442154578369015,1.19099220807824,"WS"
0.253818589338463,0.661196221685845,"WS"
1.28537105919378,3.1894092662555,"WS"
0.948393498187949,2.1261125854132,"WS"
0.34463062759679,0.855353888432028,"WS"
0.262564728109912,0.825898838623658,"WS"
0.464460103954796,0.972146540511645,"WS"
0.604325230704536,1.54454926548084,"WS"
0.160737231563817,0.331087543724936,"WS"
0.308770334125155,0.577451353728438,"WS"
0.419661520920064,0.789860353852268,"WS"
0.418152367638854,1.12661812723583,"WS"
0.269576353752718,0.682132500149577,"WS"
0.134251546742199,0.1317318433063,"WS"
0.0728548492706061,0.0875106183012324,"WS"
0.557904715452771,1.18606730355834,"WS"
0.318154520822405,0.657926200994741,"WS"
0.410015383986427,0.984239183077986,"WS"
0.502449567667424,1.11536516945045,"WS"
0.388461173631124,0.991917071275797,"WS"
0.68520153326037,1.62180657254146,"WS"
0.999649366369707,2.24089320323093,"WS"
1.17225251539771,2.70906316488459,"WS"
1.62958046402874,3.83092456040787,"WS"
1.94734982345076,4.29643841110498,"WS"
1.46891492208524,3.2823928563838,"WS"
1.34214783433045,2.97080468126016,"WS"
0.552511707737457,1.20675653175603,"WS"
0.55475015246634,1.16091007019872,"WS"
0.0421684705835377,0.199234820309826,"WS"
0.224848498583277,0.427988190852444,"WS"
0.114862550214562,0.165066829666551,"WS"
0.494532770727408,1.16588447405056,"WS"
0.156517795180224,0.368854048698171,"WS"
0.427123841790213,0.982514850386089,"WS"
0.316304383778228,1.08833230695849,"WS"
0.42476935628902,1.19554727668468,"WS"
0.269455574224807,0.572022605528267,"WS"
0.064170567460011,0.204866495296243,"WS"
0.279118075116355,0.283229076517603,"WS"
0.272555729800959,0.523598482305017,"WS"
0.329774004082665,0.767807746447826,"WS"
0.275047685723352,0.430870037867903,"WS"
0.403010740787396,0.612902053543643,"WS"
0.580164617144159,1.40750922825264,"WS"
0.673937373452605,1.23210497306663,"WS"
0.343737835612528,0.574682859492189,"WS"
1.27499181434495,2.79000285651475,"WS"
0.859616339698714,1.88583495385417,"WS"
0.247803418677258,0.606128881066076,"WS"
0.426035600019291,0.922800055055164,"WS"
0.241962869515871,0.444732977615116,"WS"
0.0594089567464648,0.228850719979558,"WS"
0.483013980572568,0.944822588532694,"WS"
0.321652756407611,0.493027696878714,"WS"
0.174939828519454,0.17779692326102,"WS"
0.194003573944396,0.22224090211007,"WS"
0.145124705735207,0.0512265534749484,"WS"
0.134589967948272,0.125795810195041,"WS"
0.156255248923435,0.451422023319664,"WS"
0.161695063654173,0.220834604475824,"WS"
0.430290430948237,0.904698599382866,"WS"
0.263367947545532,0.265730414324838,"WS"
0.186548965593218,0.36294613436047,"WS"
0.272845120756431,0.453334860021357,"WS"
0.311314723020664,0.758683626474632,"WS"
0.571616300117321,1.17703927017954,"WS"
0.509566239825738,0.885268016342664,"WS"
0.26377486756299,0.37175962685984,"WS"
0.116207238514129,0.222211432574547,"WS"
0.480929416374902,0.72868171893034,"WS"
0.452055980183042,0.62086290153928,"WS"
0.517863198043055,0.87756805000292,"WS"
0.464890796431168,0.722100844335382,"WS"
0.41793971854293,0.580541973177269,"WS"
0.417386054004101,0.628190102324103,"WS"
0.870024438319853,1.87947970971427,"WS"
0.914034790089178,2.2041134978841,"WS"
0.321502440072055,0.727474769406473,"WS"
0.132367451995783,0.182546525576414,"WS"
0.0331718683347789,0.16473571340723,"WS"
0.0360495885993924,0.136869420222169,"WS"
0.0975722503047275,0.163540060419868,"WS"
0.16602108552013,0.114460106997702,"WS"
0.105196033082781,0.0246848174910365,"WS"
0.114626679685347,0.0605122599277783,"WS"
0.193101578837447,0.10622575110029,"WS"
0.252244690328205,0.117963169313804,"WS"
0.162412242016535,0.481927534834431,"WS"
0.695590354809897,1.29840314368839,"WS"
0.849465910632152,1.67236202867646,"WS"
0.768339712553735,1.40886649736732,"WS"
0.40032693368161,0.623018514128073,"WS"
0.430404651449787,1.06228189913848,"WS"
0.362669183798275,0.635598647031184,"WS"
1.18482065287394,3.32451447799248,"WS"
0.74743086725936,1.82431109927062,"WS"
0.265601739006231,0.422574278031184,"WS"
0.0615607301136359,0.105191413601996,"WS"
0.0988186146773453,0.140971623119765,"WS"
0.114372350406934,0.169782661787168,"WS"
0.456163003264687,0.924504357760858,"WS"
0.284676758416067,0.483045295904407,"WS"
0.128879328178716,0.130019811437821,"WS"
0.041407544952777,0.0759934552931663,"WS"
0.181075197977171,0.186989321906068,"WS"
0.0744141502882805,0.0919528375561236,"WS"
0.368217226673563,0.779373934780867,"WS"
0.327725148987133,0.424969189036492,"WS"
0.159807774753604,0.272665405339283,"WS"
0.0481991288417544,0.149051977312554,"WS"
0.349434887248876,0.454141895292865,"WS"
0.195041158241187,0.159154020948337,"WS"
0.478288328876104,0.727387906455254,"WS"
0.505051759567543,0.802456449523728,"WS"
0.453596668327367,0.719355764885578,"WS"
0.331364778440988,0.583528771124288,"WS"
0.227117038448896,0.853298936035487,"WS"
0.764001925050808,1.96323894217648,"WS"
1.0056457618575,2.30372590407162,"WS"
0.696705577469044,1.62472133902321,"WS"
0.823594373143193,1.78975808558311,"WS"
0.208239918030436,0.442177791695269,"WS"
0.940928580934746,1.9570949159587,"WS"
0.442236341470586,0.822764509344362,"WS"
0.362926407006263,0.725510032051094,"WS"
0.219135320909223,0.147258329492467,"WS"
0.344652722027804,0.416740404449816,"WS"
0.246787245387767,0.403801621138037,"WS"
0.41623452962782,0.66406725648178,"WS"
0.200776870962676,0.155935706214804,"WS"
0.18910820182107,0.0519269589816013,"WS"
0.115667267456853,0.0265903274466816,"WS"
0.150095558111141,0.00902367730930063,"WS"
0.145170886472138,0.217295737750863,"WS"
0.207250711482727,0.236389123304798,"WS"
0.338869761600745,0.357559164459529,"WS"
0.369486031235066,0.607859762866896,"WS"
0.472166662787041,1.18784121468778,"WS"
0.439189705405596,0.933413168043575,"WS"
0.241974479606244,0.845488321725304,"WS"
0.479869388517729,1.62070988203395,"WS"
0.785883502296598,2.22232802469308,"WS"
0.44293596816461,1.37080098019555,"WS"
1.56159602524576,3.6269280227195,"WS"
1.05072081532367,2.4450598626314,"WS"
0.778586149913738,1.71392547070934,"WS"
0.539967966308512,1.16336812399581,"WS"
0.529244028212104,1.06664204137132,"WS"
0.477613490623979,0.965355269746652,"WS"
0.380495906774222,0.688264082746316,"WS"
0.202818141650035,0.202704243695903,"WS"
0.062132595050103,0.0472915024051299,"WS"
0.0976254091885373,0.101885820874282,"WS"
0.0755579132199689,0.151566574216358,"WS"
0.0615847356485668,0.0213016587941936,"WS"
0.177017401724583,0.0342412158174331,"WS"
0.126996704648461,0.0114536018691122,"WS"
0.0998385211418662,0.190395409066832,"WS"
0.107752018057417,0.0421969290816237,"WS"
0.0949786818327487,0.229434872938054,"WS"
0.394274450404633,0.55558996717469,"WS"
0.334640885862279,0.437650554467395,"WS"
0.314742006176825,0.518663079261259,"WS"
0.552678441128866,1.08486389868005,"WS"
0.509737123571953,1.00288548865408,"WS"
0.556026513262736,1.18908634603583,"WS"
0.764805657339625,1.28116107236546,"WS"
0.751640690330423,1.99224246320253,"WS"
0.900541009377158,2.06676370118384,"WS"
0.56914863352304,1.12590480966832,"WS"
0.203352856320241,0.192518764608271,"WS"
0.120037530709008,0.0264255757556851,"WS"
0.211892773189047,0.186929750894669,"WS"
0.0725361490031792,0.00562907278848269,"WS"
0.122175633813616,0.154465714116444,"WS"
0.152308075741844,0.0534800407869219,"WS"
0.378951032477519,0.517769263722494,"WS"
0.194669377685728,0.195087987469527,"WS"
0.19070846239735,0.110381567712413,"WS"
0.311109430631818,0.329851277497836,"WS"
0.534642870281006,0.956016795077238,"WS"
0.318988029392614,0.374475573351659,"WS"
0.290495523723581,0.395730860141599,"WS"
0.4955216286534,0.902114692983061,"WS"
1.12465635376465,2.39653670231368,"WS"
1.22240072895186,2.61310751598045,"WS"
1.01551969162528,2.07331541648338,"WS"
0.652897889301526,1.27654349057834,"WS"
0.608015029414675,1.11098454338624,"WS"
0.606392322560072,1.21578586536253,"WS"
0.580721378675582,1.04209983269691,"WS"
0.476866739861058,0.826676003477327,"WS"
0.400533818121684,0.962367402255003,"WS"
0.76100170561755,1.67807321873352,"WS"
0.0361415384122063,0.109117032839545,"WS"
0.179165431615345,0.234976119152518,"WS"
0.288601809713386,0.318458790808121,"WS"
0.139364009208386,0.227410131496094,"WS"
0.342043983279336,0.627450266084233,"WS"
0.366921178928234,0.560169697495871,"WS"
0.548864249396623,0.952373600455391,"WS"
0.400019933502663,0.695245211427417,"WS"
0.277071272678359,0.217585335578616,"WS"
0.321243959798356,0.2921344548194,"WS"
0.121579354478218,0.00679896216705208,"WS"
0.0161297337187553,0.0363751533679083,"WS"
0.288100025539488,0.260056764780028,"WS"
0.440475823995754,0.724891650448341,"WS"
0.460832149828841,0.884582134869985,"WS"
0.26331662217485,0.385706175048409,"WS"
0.34396746840119,0.611371578004727,"WS"
0.174114291208951,0.633979707481068,"WS"
0.32621000081181,0.571694722088918,"WS"
0.488949292039136,1.34739835747397,"WS"
0.569207083602928,1.92769313371393,"WS"
0.947151734648672,2.80050580408084,"WS"
0.854356133804459,2.482694466527,"WS"
0.484717540537559,1.10740194546643,"WS"
0.234355898803968,0.235428465855459,"WS"
0.163286288861552,0.259487118974305,"WS"
0.269906090127008,0.351593578386194,"WS"
0.528766054495039,0.988688209591497,"WS"
0.236645923781966,0.335593204682652,"WS"
0.168555487393338,0.204541162707325,"WS"
0.129250476254307,0.0779169132067102,"WS"
0.0881740110220524,0.0670383515735515,"WS"
0.139509311709686,0.0535011816799231,"WS"
0.0716073850833907,0.0749006295190627,"WS"
0.250910851433516,0.272597995509201,"WS"
0.0797743914542476,0.0443071897175103,"WS"
0.0758689049474879,0.157060568350032,"WS"
0.06738354152347,0.160460565540737,"WS"
0.128204325497779,0.111861609932057,"WS"
0.112147427355073,0.28613421002133,"WS"
0.251751876692214,0.865043978490899,"WS"
0.554153342039627,1.51088143064303,"WS"
1.49606479861253,4.18602424541571,"WS"
1.32993366465475,3.86679134994632,"WS"
1.50765993846485,4.41539253781514,"WS"
1.22471801326237,3.64342388102258,"WS"
1.18575316424805,3.34842279756626,"WS"
1.0737349302873,2.80590325997159,"WS"
1.52176680511867,3.55200653671004,"WS"
0.937632531743121,2.25438966589554,"WS"
0.465774835428949,1.11756434251386,"WS"
0.337697872685927,0.732482294980363,"WS"
0.408848638886527,1.13083896391627,"WS"
0.402513228709957,0.838687162673817,"WS"
0.246797401192757,0.464344199577913,"WS"
0.24508615756798,0.446208745175744,"WS"
0.293644423003666,0.526784696277622,"WS"
0.277692321886294,0.447323836638511,"WS"
0.165537338054338,0.179012668432424,"WS"
0.421275754420287,0.76118159964601,"WS"
0.237803462562138,0.18614331922206,"WS"
0.174919032912734,0.277077980092021,"WS"
0.328414322579756,0.64616241179369,"WS"
0.12327616747609,0.513649732664382,"WS"
0.176642388468626,0.478720538641454,"WS"
0.217359391645998,0.608855350508911,"WS"
0.139211413517349,0.571567341720188,"WS"
0.635185513703596,1.46572988037418,"WS"
1.29831415622098,3.09301511587501,"WS"
1.25205929276707,2.99186720517515,"WS"
1.36838359651707,3.16601085521876,"WS"
1.17170486521951,2.53142089256006,"WS"
0.449678333487127,1.01459855010802,"WS"
0.618992467425309,1.3695464738928,"WS"
0.43752324038065,0.768852476984545,"WS"
0.458147286784942,0.920441774491721,"WS"
0.294428811654756,0.483303488557692,"WS"
0.30053950145876,0.567959500193964,"WS"
0.321821513361592,0.530296401213711,"WS"
0.189265650079124,0.18630528643058,"WS"
0.136322809804734,0.0223666406682494,"WS"
0.219618481448116,0.262980236024827,"WS"
0.141837710221709,0.127900832691222,"WS"
0.391664983196178,0.74438968676832,"WS"
0.517930896165459,1.04203876358373,"WS"
0.66661955080001,1.46150614656091,"WS"
0.515075453798197,0.960917180336599,"WS"
0.677536967014716,1.65356614051353,"WS"
0.695171159394898,1.58671266272342,"WS"
0.46072108502574,0.914384596750443,"WS"
0.689934177477087,1.6320396337475,"WS"
0.666262100358586,1.65586517401161,"WS"
0.859692798663066,1.99065912116616,"WS"
0.814118021146872,1.94354401038202,"WS"
0.893878497365789,2.08072992664198,"WS"
0.573181137458178,1.19029997384271,"WS"
0.397498306629633,0.743114394054463,"WS"
0.541840903956763,1.19999797229854,"WS"
0.242174688686866,0.303085655891325,"WS"
0.131448708051091,0.171754898551192,"WS"
0.418559183551223,0.629033326480063,"WS"
0.165098867215155,0.101802085830206,"WS"
0.153208397553577,0.177870457015556,"WS"
0.0823942713175492,0.0891639908175808,"WS"
0.482033989494881,1.02075610127454,"WS"
0.0927670387486964,0.0737055532958112,"WS"
0.092743247696822,0.0349295516295387,"WS"
0.0831504613195305,0.021450872079543,"WS"
0.0231975694353503,0.110188906225503,"WS"
0.28245478150854,0.683787288567187,"WS"
0.0938589546331544,0.190252559413571,"WS"
0.891554425036173,1.7387989698177,"WS"
0.941042224025478,1.93188541367121,"WS"
0.875121698962686,1.82797338249598,"WS"
0.879662801452494,1.84481991461659,"WS"
0.877018212390868,1.88453281632417,"WS"
1.17259373515513,2.50191161253703,"WS"
0.784053275980422,1.65137126368366,"WS"
0.992889313626592,2.00464674611674,"WS"
0.570190863327409,1.43252596835468,"WS"
0.969271162802361,2.03941680520542,"WS"
0.94409219771414,1.95327057202575,"WS"
0.778280985839053,1.60869572593364,"WS"
0.883852208251748,1.89338707428196,"WS"
0.753931378144136,1.50487602021415,"WS"
0.763694524562866,1.56123533194111,"WS"
0.681170589217468,1.31375447294045,"WS"
0.796304775732143,1.63255457536152,"WS"
0.745561456807238,1.54021847456184,"WS"
0.731921094324992,1.55653598908706,"WS"
0.338637553797227,0.433037653566902,"WS"
0.085317107698108,0.0606247602232471,"WS"
0.18112466915903,0.190821563971806,"WS"
0.631820633582994,1.24383883533098,"WS"
0.988321136862324,2.0997333810123,"WS"
1.21067826856438,2.56416597810846,"WS"
1.01099338708229,2.07962160476313,"WS"
0.912823212285956,1.88244610492284,"WS"
0.778154968176651,1.41014927927415,"WS"
0.381771447773628,0.717296127926651,"WS"
0.131318490108672,0.202082891898801,"WS"
0.400128730157769,0.803984887782537,"WS"
0.208833073291458,0.359011017567656,"WS"
0.387843078870533,0.937237390177807,"WS"
1.13401376457015,2.52733839939409,"WS"
1.26532436125182,2.88686355069075,"WS"
0.283956530102711,0.595431257196137,"WS"
0.178463597145131,0.418337120792364,"WS"
0.275792238571139,0.536597035001609,"WS"
0.328882262713471,1.01800246266044,"WS"
0.368682901507961,0.951337821358688,"WS"
0.313446465063107,0.832271125186402,"WS"
0.360176349151992,0.924580914467394,"WS"
0.258567358562183,0.462719032569636,"WS"
0.258162949072179,0.47863435219166,"WS"
0.201898833824338,0.274643056508368,"WS"
0.141922412781076,0.0902691122528702,"WS"
0.0311803267920439,0.050358526510848,"WS"
0.110367944710284,0.207843256016774,"WS"
0.200875289524175,0.410729374003924,"WS"
0.331730987678294,0.614856166723922,"WS"
0.40653411491435,0.646490598284521,"WS"
0.276819373069465,0.434487304345463,"WS"
0.196279442333418,0.427366899490311,"WS"
0.350509492328784,0.732906410647673,"WS"
0.389058082069765,0.939983941877314,"WS"
1.0066031167835,2.39910967078201,"WS"
1.20536970727561,2.70327288158374,"WS"
0.508283568949535,1.04766333854494,"WS"
0.254926040549002,0.342896671629397,"WS"
0.248378119577525,0.197923462521974,"WS"
0.0602597051914932,0.129779677147762,"WS"
0.187244316423239,0.253074948456767,"WS"
0.242239179618343,0.0796404492544555,"WS"
0.0852154641200118,0.0141149428149962,"WS"
0.121977683140999,0.0339484695374403,"WS"
0.025049320189964,0,"WS"
0.00690106528457666,0,"WS"
0.0770034782565546,0.0413902340865891,"WS"
0,0.0749828301013466,"WS"
0,0.146599964766792,"WS"
0.134020247221455,0.380255855209468,"WS"
0.523434656705269,0.860418270963571,"WS"
0.623215961122115,1.07146177011802,"WS"
0.414861461356635,0.675868218539114,"WS"
0.31046693254311,0.533482137793838,"WS"
0.0732895768675174,0.42271802477652,"WS"
0.0906275989683664,0.314395066499292,"WS"
0.344305636535584,0.791744770990519,"WS"
0.36062214389842,0.777150976262257,"WS"
0.619171767000578,1.48140508814769,"WS"
0.596717006075719,1.30568419427231,"WS"
0.965669965900395,2.28915229265334,"WS"
0.261902941703134,0.607267127856127,"WS"
0.0418698343802753,0.084027128005072,"WS"
0.131782411627487,0.0630610525901512,"WS"
0.0519005514265174,0.0552253920118138,"WS"
0.370726918609883,0.625869009233679,"WS"
0.170660050418261,0.103376322570587,"WS"
0.127634157295674,0.184148947880132,"WS"
0,0,"WS"
0.0470607972347398,0.0744477237812477,"WS"
0.00153783829025499,0.00800474116995982,"WS"
0.196008232372224,0.164200774037498,"WS"
0.0357522475153102,0.0243704341181996,"WS"
0.21387361080537,0.29754297674201,"WS"
0.121140552564151,0.189311227675467,"WS"
0.548697719616482,1.07728856084196,"WS"
0.639285655168955,1.11458666571965,"WS"
0.457204582200462,0.858934091201198,"WS"
0.563937945122038,1.2369994845955,"WS"
0.593272681421494,1.33586695762923,"WS"
0.424152163056762,0.859900163107565,"WS"
0.65978386916893,1.42723178739211,"WS"
1.27418713624889,2.98263092183445,"WS"
1.47647040102474,3.44702632482994,"WS"
0.964072485291608,2.12831805020128,"WS"
0.265073394088071,0.361246257334808,"WS"
0.338942723196109,0.566565113399478,"WS"
0.435944111402607,0.902841969407483,"WS"
0.3384743310729,0.567023403223716,"WS"
0.492872627359365,1.01048416775348,"WS"
0.212996127916417,0.340255894480047,"WS"
0.158525977963107,0.0999875914112177,"WS"
0.363986230961991,0.627165532702355,"WS"
0.49987170158837,0.965178205861378,"WS"
0.106089739741771,0.125465691500655,"WS"
0.236102050684248,0.316597851393515,"WS"
0.328201331579511,0.487492026836574,"WS"
0.243929035168001,0.348446501343056,"WS"
0.366295398948632,0.667288495879286,"WS"
0.953738483600809,1.90475667591355,"WS"
0.292580202156318,0.465766544157351,"WS"
0.404834438583449,0.817286813241512,"WS"
0.554632423651664,1.30987861855242,"WS"
0.610322511447629,1.25715910447331,"WS"
0.2541933232655,0.289412177849264,"WS"
0.420596970066455,1.0176085613064,"WS"
1.1371805779293,2.63670803083079,"WS"
1.62859024498389,3.76019000325627,"WS"
1.18017934128057,2.62263373014139,"WS"
0.361303756293836,0.677683635844929,"WS"
0.174330534737386,0.41852249947728,"WS"
0.438432662461487,0.909057082071431,"WS"
0.76083510995511,1.71228792992137,"WS"
0.388258193362623,0.680058920187435,"WS"
0.233462992089192,0.379393340581073,"WS"
0.214580471102528,0.277660943108376,"WS"
0.0550839911964158,0.114959208755049,"WS"
0.17979431587983,0.0826208344303459,"WS"
0.0955539290765769,0.0713933026049223,"WS"
0.113471447987293,0.0400919481032673,"WS"
0.0973998813000467,0.122260546873935,"WS"
0.112983073801865,0.162980393069084,"WS"
0.41119661328371,0.644209854555093,"WS"
0.506562464746297,1.04384756030984,"WS"
0.709227068925703,1.50784998401508,"WS"
0.477564773382218,0.97499400956371,"WS"
0.274013788337559,0.769905490741294,"WS"
1.01735062372075,2.47267761398299,"WS"
1.62970178209677,4.04231722375043,"WS"
1.84443999703838,4.45245254427769,"WS"
0.906261186567182,2.09292627801148,"WS"
0.360268392893034,0.768505701905138,"WS"
0.993645612088845,2.3494001825074,"WS"
0.879083961208935,2.15449963492677,"WS"
0.584869334976818,1.35183409121045,"WS"
0.354633732474083,0.638605363454615,"WS"
0.228750650539369,0.448355859737634,"WS"
0.305883342736435,0.611995617258123,"WS"
0.415284903587793,0.789007068867125,"WS"
0.302297180084455,0.475031699655299,"WS"
0.208763563157283,0.261438325573491,"WS"
0.140784675896598,0.157414848449293,"WS"
0.131628126325641,0.160871692999527,"WS"
0.217459727559088,0.330404468919447,"WS"
0.179998973164283,0.146306122132298,"WS"
0.175971308318707,0.308612719275275,"WS"
0.354642477702965,0.603478202180875,"WS"
0.897009189549665,1.83397472099903,"WS"
0.911359864852749,1.89401262215117,"WS"
1.04707856199519,2.05281359391003,"WS"
0.368553178068425,0.914219800554181,"WS"
0.3215039618919,0.81924234416213,"WS"
0.581812547790849,1.44427551843746,"WS"
1.23227294771169,2.96100732979294,"WS"
1.516401818755,3.74805388683957,"WS"
1.23478614240496,3.12210034423789,"WS"
0.711771152125744,1.60782877254473,"WS"
0.815440773221667,2.07188369024278,"WS"
0.607660480913399,1.5306742665878,"WS"
0.613823693540412,1.57007176580141,"WS"
0.49481109528182,0.962209054820437,"WS"
0.482616351559531,0.953340408303412,"WS"
0.227837570622934,0.317075240919563,"WS"
0.365379876154753,0.588651994127508,"WS"
0.272552766092799,0.45721870352713,"WS"
0.142845211871013,0.192020040786077,"WS"
0.090825071646699,0.0547049239512245,"WS"
0.0865816731993933,0.0874956204539856,"WS"
180,180,"WD"
226.615978727002,233.560231030628,"WD"
225.060722609357,238.842126223573,"WD"
251.607507101344,270.634609287335,"WD"
280.713686857468,293.527274017031,"WD"
331.26935510105,316.571978406325,"WD"
137.040071249179,132.823063838335,"WD"
121.260515323684,155.848627658778,"WD"
169.84199451402,181.165654643228,"WD"
160.53438591413,172.45408305876,"WD"
1.4494914219315,342.52328834687,"WD"
358.58149286286,332.252819614322,"WD"
11.7342381324551,36.091101433187,"WD"
22.6329995284289,37.7185582399916,"WD"
38.6069511923784,57.1799261882065,"WD"
65.2275092466026,76.9989519487238,"WD"
45.3551088948976,66.0145122061171,"WD"
59.5273342362118,69.4956064350878,"WD"
61.0058659044136,70.3182088196554,"WD"
52.4323135472472,66.5361346392616,"WD"
42.6301343278328,56.8037681842825,"WD"
37.0984325128467,52.2847324417305,"WD"
22.4922171201113,36.9230966381613,"WD"
25.4512936125908,46.2720803142719,"WD"
51.8735616471711,67.8804989804958,"WD"
29.8694487197188,47.2769526233371,"WD"
18.6709722159574,36.9180385122421,"WD"
52.8191312626097,69.2540938682108,"WD"
325.441013690103,320.294736634615,"WD"
4.60159190519573,13.8811059707478,"WD"
35.6271520442516,49.4793616419025,"WD"
9.53087130331235,19.4060320613386,"WD"
33.2647434466182,48.606851400421,"WD"
204.072147005857,219.992548235661,"WD"
172.65640065687,181.72017611921,"WD"
173.635347847031,191.072402274521,"WD"
324.772507118064,320.018262073784,"WD"
139.641074791375,157.456995178714,"WD"
147.673511077171,170.606974610966,"WD"
135,328.505550502551,"WD"
315.121403326734,303.920951957761,"WD"
169.551566755279,201.887572003821,"WD"
231.619430074938,259.877156787238,"WD"
86.0704921858065,93.9035175779076,"WD"
189.715749131082,230.978548512898,"WD"
31.722405265451,61.1129264327087,"WD"
233.812973898874,256.835210256688,"WD"
272.950127143337,240.599024235561,"WD"
43.3306918412036,59.6985595232686,"WD"
17.0600290068046,31.0328696452268,"WD"
20.51396928269,34.6901453556821,"WD"
44.496274585635,59.5845274094589,"WD"
31.8518962157953,33.8190559244227,"WD"
27.9616650873904,47.1894076208115,"WD"
247.652005867508,264.885883731624,"WD"
49.6454508110527,68.8542734989234,"WD"
64.1329388599556,74.6129087523715,"WD"
254.960029391179,259.581113645897,"WD"
304.533866264982,293.581430006938,"WD"
227.082710807424,244.659525988424,"WD"
118.26596332187,131.369349462632,"WD"
13.8692621560033,31.3121228982906,"WD"
69.7590685397483,82.7666363322369,"WD"
76.9753897019841,72.5841643637671,"WD"
51.1695132214942,67.2046340674212,"WD"
46.8907082670651,62.5895514675918,"WD"
37.7353864991956,51.9611803291491,"WD"
27.0653595353253,46.4436560865391,"WD"
42.4768803098997,57.3683422331811,"WD"
48.0870296639007,61.5546425716468,"WD"
29.4736634583638,46.6660904035905,"WD"
48.2564974068702,67.2058233164515,"WD"
41.3932698734361,63.4806376557079,"WD"
81.0496423068655,88.8449497574297,"WD"
58.7190225945659,76.9646244379462,"WD"
27.6305319729672,31.2852015125878,"WD"
6.2146079233211,22.1504383701016,"WD"
339.761107334822,331.115974020873,"WD"
8.1284308922161,23.2589112803234,"WD"
34.2920574437892,43.8641921006414,"WD"
39.4191327092919,53.7806179255522,"WD"
37.6034255823814,56.2255668597112,"WD"
44.2299674963122,64.5018073993134,"WD"
10.5284256991217,23.5466399927192,"WD"
17.6350337851061,26.3596418302774,"WD"
127.778097408207,138.551232918393,"WD"
91.3898272544511,105.568317547139,"WD"
4.00572738467221,196.018671377057,"WD"
92.0293145810342,95.6890691909445,"WD"
64.3241011400695,77.9407152611963,"WD"
45.3471218538184,71.2112602525218,"WD"
102.322831707011,128.635326300121,"WD"
74.0088405932296,78.1932194205397,"WD"
74.274618399498,80.5057185086294,"WD"
56.7317612287301,66.4089474553627,"WD"
232.560139633095,242.780569016021,"WD"
81.5029510806735,101.943395554048,"WD"
33.811146407985,43.8154372368079,"WD"
40.9253646186727,50.475658037019,"WD"
357.632630333037,359.600868999092,"WD"
23.366114496772,44.5467132521283,"WD"
225.809858811824,241.432375386859,"WD"
335.170528930478,329.853555014782,"WD"
351.121434850329,344.926159255243,"WD"
298.398731021498,294.945278409806,"WD"
337.530637037468,328.958616913304,"WD"
27.0699009713269,41.7666419557528,"WD"
43.9357844442846,64.43746778839,"WD"
56.4630522312527,69.215493952522,"WD"
70.9266550305421,78.1444144982743,"WD"
328.540825881254,237.686391520656,"WD"
248.155291911949,182.127507359287,"WD"
7.1916639513868,29.3658043276779,"WD"
180,141.177951565117,"WD"
199.367773133825,144.175129625116,"WD"
189.434563008976,141.070790805501,"WD"
180,234.299849071785,"WD"
180,88.6474867754076,"WD"
180,180,"WD"
180,180,"WD"
38.7258056046998,24.1644963344571,"WD"
265.553041316881,262.897042777897,"WD"
345.409581218026,338.197247578071,"WD"
17.0438346996997,13.4107765294109,"WD"
37.9898761276575,58.2973257266052,"WD"
51.8709898604974,62.616036694827,"WD"
351.95814027231,349.575084533118,"WD"
56.0463806848835,72.29575197059,"WD"
299.941023797468,290.020211761259,"WD"
344.604829790003,330.11712623316,"WD"
49.6069682810595,63.5273664739341,"WD"
307.445014704917,289.139406134969,"WD"
153.258066109658,158.89332779827,"WD"
114.207922221768,136.641454681369,"WD"
336.04111752476,294.109070038487,"WD"
218.716885325996,223.689072872908,"WD"
184.634487714907,192.443593899356,"WD"
196.428466940857,147.193447493599,"WD"
125.034364319985,78.739075147125,"WD"
98.1836400465501,97.8463333265852,"WD"
55.5206419961507,69.4621785946425,"WD"
52.5269172653311,75.2200139579843,"WD"
111.160124652597,99.743307568177,"WD"
66.5737946134769,82.163511808972,"WD"
55.9622879191563,77.4645365081543,"WD"
41.4247123141187,53.6665311302898,"WD"
30.5650401046448,45.1987096939846,"WD"
23.0491138899154,43.3972888657463,"WD"
33.95557067056,48.7556624476402,"WD"
31.169033249978,55.0001873715067,"WD"
27.8117970395877,43.8357311495457,"WD"
33.137358958112,45.902940441297,"WD"
288.497324794375,282.066387915596,"WD"
238.106626856594,254.255689338485,"WD"
226.978282734756,235.481057096338,"WD"
246.762136175671,253.213206944566,"WD"
300.864233404071,276.666341441561,"WD"
328.060002699635,292.642585105281,"WD"
26.4435312686414,68.0846293242366,"WD"
70.0041618555816,82.9119719519692,"WD"
105.630237864369,113.31469537049,"WD"
81.8400273372559,82.7808503740102,"WD"
34.4015944611428,63.6934372666293,"WD"
309.747839250462,242.194791508238,"WD"
233.931445565366,227.601373270597,"WD"
59.3908264162051,74.4636630258386,"WD"
67.4119057661769,77.1061154399309,"WD"
253.111840938405,227.595807736348,"WD"
306.643127854012,273.649748902763,"WD"
256.33264455579,257.51529306791,"WD"
328.461079307799,310.544864910096,"WD"
22.9892257715175,37.2590229115034,"WD"
10.0617467500076,13.252140725546,"WD"
14.1315282088314,344.906616802674,"WD"
275.292622836623,276.523905119815,"WD"
272.341158246333,266.581235906957,"WD"
307.478537284155,296.8959720249,"WD"
310.107875708627,289.199534918173,"WD"
329.597293395777,305.6876880442,"WD"
318.947884697388,303.2139677853,"WD"
229.660648957124,239.322780918633,"WD"
1.85676521533668,330.323898917132,"WD"
41.1772220739804,57.6827129800115,"WD"
17.790775624642,34.756103027563,"WD"
20.6865196308766,41.3198846616556,"WD"
97.900865782376,99.724084520403,"WD"
131.572198278416,143.552865010834,"WD"
135,234.118357019784,"WD"
135,326.266436903226,"WD"
135,69.2539413537416,"WD"
119.691765341082,130.91686215628,"WD"
119.538028709862,231.2370621544,"WD"
317.348871276641,245.836561004707,"WD"
351.912321626319,315.155719001934,"WD"
332.419818990446,322.983768568598,"WD"
357.643045686766,341.372336723326,"WD"
352.425538465187,343.8797030104,"WD"
316.84899003212,306.738041511589,"WD"
5.616049537447,9.31631266443566,"WD"
306.51841925442,278.723675294961,"WD"
314.949202360322,298.95295165732,"WD"
293.542687884972,279.979969124226,"WD"
146.971556289627,173.395012570747,"WD"
115.493543463616,136.091850156116,"WD"
83.913705323393,95.8830764904434,"WD"
103.197974180192,132.158322623598,"WD"
189.778415047262,224.505971941231,"WD"
238.621335379231,246.763924270647,"WD"
241.031819705418,243.843290478463,"WD"
326.769503524225,260.786653853881,"WD"
242.0366677196,242.571593063002,"WD"
232.848048601612,240.487479631063,"WD"
263.148092182263,262.476419066507,"WD"
266.282464737969,261.993643510267,"WD"
257.748759011403,260.362830313974,"WD"
229.70945574706,256.314604169911,"WD"
235.292665728505,228.416617371597,"WD"
259.269922701981,260.278885413058,"WD"
304.72456228734,287.007681676347,"WD"
204.301128645931,224.278302307031,"WD"
216.11514878481,224.345140094355,"WD"
200.913810997,209.282253287074,"WD"
194.744455316342,202.152262945423,"WD"
195.713389715102,208.525089483872,"WD"
191.040829191283,202.301228487319,"WD"
183.168313372581,197.331257326759,"WD"
176.952234531357,189.278854427117,"WD"
173.816340684984,194.257275567688,"WD"
192.221817009607,203.307551204465,"WD"
178.175410054998,186.79136783543,"WD"
317.775111273216,264.605244712292,"WD"
304.527098486989,283.516938834071,"WD"
360,273.763642493183,"WD"
229.644485931834,235.676892207818,"WD"
260.115934695929,237.463654103568,"WD"
204.386413962782,215.65427825565,"WD"
280.675271854854,265.916538590123,"WD"
225.546368007308,235.329607766273,"WD"
227.407044840252,245.22921813733,"WD"
356.43748563267,10.9972396252367,"WD"
358.734848389183,344.239637970962,"WD"
298.952472228798,273.307266136245,"WD"
292.687152869448,275.215376725142,"WD"
335.905468366697,317.572583047736,"WD"
8.57241491782537,15.3200133304446,"WD"
323.658067153018,305.673783832452,"WD"
357.280450762874,347.654250928632,"WD"
341.811420252994,329.702792909516,"WD"
175.735637474401,187.457048198388,"WD"
160.288405435189,176.341943847795,"WD"
167.948547922361,191.587997788825,"WD"
236.763313985446,241.074679897343,"WD"
213.791235315215,237.320789348725,"WD"
231.221691139778,216.062905108949,"WD"
141.050009327085,150.316983063406,"WD"
143.466240312077,155.788051066662,"WD"
106.235522859821,94.8278686895447,"WD"
99.3032748295695,104.523303740465,"WD"
2.14713314558426,351.658263871865,"WD"
65.3151010328846,82.8991230683221,"WD"
208.460762508536,235.173351275068,"WD"
107.637532943899,95.4814420778734,"WD"
147.758708678152,151.386850365297,"WD"
140.582921341507,162.437451260071,"WD"
176.413117577456,175.33337515448,"WD"
320.194346467196,283.481864981459,"WD"
301.294114006537,285.073406527419,"WD"
336.758127824203,316.136017554644,"WD"
352.592876119236,331.465721572733,"WD"
11.1300707256598,355.181456933663,"WD"
116.763449743917,158.929073985518,"WD"
356.45138266395,340.848116865482,"WD"
11.4646335676908,0.710484388094699,"WD"
37.1900550271789,50.0277350402449,"WD"
5.98152414897459,4.95542825786814,"WD"
12.3853395819345,17.4669256639662,"WD"
12.5405627942208,32.2800806500006,"WD"
31.081343990538,55.6110370487779,"WD"
77.3070238246632,90.7058056100316,"WD"
84.9993176272166,123.839576566627,"WD"
186.999421075268,238.008667198984,"WD"
282.046346216212,292.849700527553,"WD"
67.8037143747633,98.6091393863293,"WD"
180,125.443284593347,"WD"
180,256.082975735878,"WD"
180,147.115080578208,"WD"
180,26.7409754372608,"WD"
180,97.3723156802991,"WD"
180,255.968909106281,"WD"
123.299296655141,71.5906567629001,"WD"
35.2220492928827,52.1555176561194,"WD"
21.6168168935201,33.7993845413689,"WD"
7.77189827994061,8.66806416294662,"WD"
350.812358321331,336.515836298459,"WD"
317.126801548994,293.920676838032,"WD"
339.160309932904,316.761362516117,"WD"
239.448519327739,254.97898118418,"WD"
137.326933254476,155.801153941882,"WD"
354.204163108819,320.421083497021,"WD"
220.696185024977,271.895625481972,"WD"
221.884110058186,263.840779386812,"WD"
157.977866441926,136.875992022232,"WD"
73.2990356235586,79.2406802329793,"WD"
93.0089229664106,91.2433791421935,"WD"
134.919555271281,263.346310548038,"WD"
305.205658286614,114.375717240857,"WD"
135,161.652913651169,"WD"
280.305983526597,213.444599076428,"WD"
190.387290155897,203.45981178518,"WD"
176.746841286405,186.167498819642,"WD"
307.17839191586,277.861560954231,"WD"
138.565333377197,90.5751678878324,"WD"
58.2306978323882,73.9231292542734,"WD"
25.4815852248256,0.395707802633837,"WD"
1.78616561679129,5.65895107299337,"WD"
6.00609403864667,19.4063118891249,"WD"
10.8716566530163,12.019188550815,"WD"
341.191833100461,317.288755635319,"WD"
239.067435263072,242.88837315127,"WD"
232.77954068081,241.657979933863,"WD"
213.67943397617,226.995157644176,"WD"
191.353432756899,195.730142651239,"WD"
174.286810373869,184.487670152337,"WD"
302.619571793054,319.342221374361,"WD"
23.1266238518362,39.2593547498138,"WD"
53.8225126396797,78.1354828136883,"WD"
114.309988876876,115.632479819544,"WD"
8.34647810331248,17.4533433132831,"WD"
4.76606317385014,30.6034007652063,"WD"
55.7719641608572,82.3627278261345,"WD"
83.8258363837589,91.5830593753242,"WD"
39.1551929306636,40.4890729277396,"WD"
357.803024472805,339.015348622222,"WD"
360,293.72746392233,"WD"
360,93.4243622384781,"WD"
131.492887493454,95.7883820786136,"WD"
129.094924578804,335.323485373142,"WD"
354.842150287077,344.022758364878,"WD"
345.884594100847,308.187209385968,"WD"
314.664174090742,294.02366687767,"WD"
330.868028329781,310.547892037792,"WD"
290.378175956339,264.607944718443,"WD"
265.791205816257,269.137382034471,"WD"
295.522969193441,279.179635592095,"WD"
294.857033871243,271.454275874005,"WD"
138.296438698568,149.822752334585,"WD"
143.749135916413,164.601628619557,"WD"
155.220638887225,168.557633086788,"WD"
151.966854186393,166.063022795261,"WD"
150.580240079819,167.889349578239,"WD"
166.16221790449,172.681585547712,"WD"
108.561162493802,120.325969277985,"WD"
51.54647459503,77.5648539873824,"WD"
180,141.529014130335,"WD"
180,249.149172965348,"WD"
307.991851470506,279.688411077593,"WD"
360,88.2009006636245,"WD"
360,14.2600703709648,"WD"
360,299.446574379138,"WD"
218.065525027128,227.635879168755,"WD"
180,179.55234291713,"WD"
344.618181528,325.526766185425,"WD"
357.357967243547,337.569547739785,"WD"
10.0792781522731,16.8912933752873,"WD"
26.7491908843834,38.8434097474176,"WD"
48.9926054860846,66.0355632204875,"WD"
57.2468385931715,70.8017564402901,"WD"
58.0847336709111,69.488944857756,"WD"
11.3830802213674,14.5669012100645,"WD"
139.195356214675,152.291149055774,"WD"
126.549877755796,136.299856988613,"WD"
31.3121982931498,48.2102539115238,"WD"
22.595387364871,41.7520032410736,"WD"
360,91.780153686325,"WD"
171.071681762915,87.3112139839098,"WD"
15.9991485607815,262.191910226595,"WD"
74.7268501225524,114.532603076194,"WD"
47.0718246667969,65.2032616618478,"WD"
50.7643713555252,71.5399576436378,"WD"
35.5993908806751,61.3954611376152,"WD"
21.4709056623451,359.127936759198,"WD"
41.297714914965,54.0821126761983,"WD"
66.7916086922028,78.9780129390394,"WD"
67.468330055498,79.8553477027835,"WD"
85.0815454580656,91.7066782993411,"WD"
67.5054512796452,80.6052342377509,"WD"
45.5399943145159,58.4404022491614,"WD"
38.1870883377426,57.6988017558355,"WD"
37.4524534020449,56.3311886785552,"WD"
49.6883171719531,59.8616122318997,"WD"
9.00762414525471,14.8393228875629,"WD"
352.289283238578,337.984674964333,"WD"
357.101484523767,337.823226361942,"WD"
351.695047493981,330.511449177921,"WD"
316.962697856857,284.570390280805,"WD"
175.932799865217,182.66938428759,"WD"
62.780035396419,278.665605628603,"WD"
49.4130956893246,73.389477549717,"WD"
68.0721928386981,78.4955988463323,"WD"
62.3955687153958,91.7680414160965,"WD"
80.0394299740766,90.4186568991803,"WD"
53.4902478386122,68.9803589413471,"WD"
54.0819149039179,74.2978792397734,"WD"
77.8928890960555,92.9754626578781,"WD"
27.2894879470135,43.2072178662922,"WD"
359.671354355161,345.044820270222,"WD"
360,334.131822590817,"WD"
36.1728739228641,104.138752398086,"WD"
8.67299312378412,1.14545036992911,"WD"
36.4187610272849,47.9554696245954,"WD"
72.5460696800786,85.7172419630166,"WD"
48.3768020991811,53.3061111636806,"WD"
59.0481811205482,70.9772603655585,"WD"
270.84418572394,282.031572818845,"WD"
342.363756485113,321.390977023681,"WD"
308.894888071271,278.396593384643,"WD"
291.654335324173,278.981554739033,"WD"
263.750103477442,269.378223050521,"WD"
293.796074236914,277.06278142587,"WD"
316.574340268865,291.237813112625,"WD"
354.407851331531,317.788252180722,"WD"
59.8792274455562,97.6790485861835,"WD"
30.4281226207853,51.6593499438892,"WD"
15.0595169984876,30.1338665831081,"WD"
78.8792596811549,81.4906095643549,"WD"
106.213788774995,111.205765304963,"WD"
135,254.180465125931,"WD"
135,157.790791580799,"WD"
99.7827863235854,106.207285491171,"WD"
90,101.45601753508,"WD"
84.9860448461164,87.0709894566227,"WD"
127.69082867756,247.172939952056,"WD"
280.068831247172,273.848390919033,"WD"
1.23296197161341,2.51309437905616,"WD"
59.3786758249963,65.4371165012007,"WD"
320.757716992409,293.024441170464,"WD"
305.02167853822,279.94085415755,"WD"
287.038825007864,269.65340489218,"WD"
260.178248692305,266.131701704496,"WD"
260.063610930219,270.997860205264,"WD"
256.629570558689,262.496920072616,"WD"
268.296045365151,265.689581429349,"WD"
253.540150230778,258.860434446346,"WD"
206.273131149795,219.753149353723,"WD"
179.503258036788,195.619965089608,"WD"
214.03387330937,220.682077184553,"WD"
219.874935878662,225.229054274668,"WD"
245.75744724733,243.314827888839,"WD"
253.019902473241,253.38758587819,"WD"
223.422017803486,223.921859526398,"WD"
319.711215025514,286.136098511413,"WD"
291.669760843477,270.656656255725,"WD"
308.500932446263,276.345458931628,"WD"
241.254416103507,238.770132757811,"WD"
241.36108067545,231.279906185509,"WD"
177.328981356603,187.018557845051,"WD"
180,211.349856063173,"WD"
215.271812981695,243.849507745993,"WD"
337.87469073363,307.36753686216,"WD"
275.981186878942,265.760912967099,"WD"
283.090260584634,265.851935813803,"WD"
199.278901551348,214.231659065593,"WD"
281.756598867477,278.67829866653,"WD"
157.733405839562,171.895009726493,"WD"
136.430735101141,149.92934432451,"WD"
139.51332610722,152.217012635525,"WD"
139.007494634209,147.170423816016,"WD"
141.472450918414,161.205193364824,"WD"
179.255771982849,193.827767263514,"WD"
226.808078905133,225.068062903037,"WD"
230.491024592349,219.008117303592,"WD"
197.815291221832,202.984453310353,"WD"
196.341306992638,206.477497124833,"WD"
153.065429240764,135.960759444775,"WD"
135.09530220293,157.575032753802,"WD"
135,171.708457367353,"WD"
135,83.3312799913684,"WD"
135,269.284284200121,"WD"
116.371758827778,66.5476875740183,"WD"
146.221390283584,150.112756553207,"WD"
178.796952603956,188.258096210516,"WD"
150.728108983477,163.892147364529,"WD"
175.119615568065,185.240107249565,"WD"
124.746212960821,137.340616078908,"WD"
134.89465113597,145.85825413858,"WD"
107.14130451958,116.875751365301,"WD"
120.328112272207,133.99783205278,"WD"
168.206081979359,177.623503819019,"WD"
145.581805190549,153.798595508701,"WD"
135.151816581854,150.38820660914,"WD"
129.909537487378,142.939550076307,"WD"
143.832354543562,156.252119902715,"WD"
173.898530577985,188.260015721618,"WD"
117.032772876757,132.068271747512,"WD"
82.0246435785486,103.957175156767,"WD"
106.823216604561,96.7481966882866,"WD"
60.64986203496,74.6627665307588,"WD"
87.7192774372048,92.8980993423314,"WD"
129.575760873999,152.082775790612,"WD"
174.051097364676,131.936098689283,"WD"
99.6269717335654,111.067346241639,"WD"
121.3930330262,128.168536063032,"WD"
12.9194985657899,104.012492474957,"WD"
135,149.596063099947,"WD"
111.371822021191,271.580455245352,"WD"
273.307543877842,261.816914077235,"WD"
295.474466495583,302.673003562996,"WD"
42.8880967781688,61.3014895255114,"WD"
19.5259015470774,40.3222826585576,"WD"
24.4376855955359,41.188890845694,"WD"
21.2180477841822,32.3910544539381,"WD"
51.3358930324239,64.1509218160731,"WD"
68.0470868694078,82.2206845060438,"WD"
76.1371531208895,86.5540623723393,"WD"
50.4220261857734,60.225381521173,"WD"
104.370730901515,118.281277498593,"WD"
58.2657278129097,72.0548515515732,"WD"
54.4914397583702,67.1275974117514,"WD"
49.3939781590934,62.0999476034255,"WD"
65.8026642546072,81.0402790959816,"WD"
55.695195535371,66.8161941746189,"WD"
56.6993902749448,71.0319825475654,"WD"
42.2423966693737,58.7336020894982,"WD"
48.2620466003065,62.1136972057304,"WD"
75.0899000272209,89.5961109358556,"WD"
80.2194106207504,94.5658996598839,"WD"
59.3202751402748,75.1413147640398,"WD"
79.5686701450915,88.5778404306907,"WD"
85.4581693340995,101.642304646796,"WD"
57.7225248427436,73.9189805925553,"WD"
44.737830477035,63.6351752621369,"WD"
32.8279513547142,50.62648525382,"WD"
45.8033480484463,64.5321432058138,"WD"
41.8197626054975,55.579118318777,"WD"
14.9823332886035,20.4041254393543,"WD"
40.9523879256952,46.3540186559678,"WD"
89.9661130721388,114.232539311368,"WD"
99.4540413754054,108.546834210817,"WD"
160.431704921693,162.579982693051,"WD"
143.968029569924,150.694262002533,"WD"
128.316852977417,146.292292646989,"WD"
131.284810322173,143.512717941276,"WD"
94.4239556397139,141.207631612927,"WD"
267.712845551984,251.534247716226,"WD"
229.30236716989,222.740757543026,"WD"
263.832018889201,263.892444073929,"WD"
229.336518596153,235.599547688503,"WD"
286.441895113031,273.986083954477,"WD"
278.212791938277,269.207978499314,"WD"
292.848045648365,270.525682168791,"WD"
273.660522961503,261.327031114093,"WD"
261.784997665355,256.133038816643,"WD"
234.962874971473,217.864390441763,"WD"
188.025850119097,258.467995399423,"WD"
261.735238027583,250.662729055551,"WD"
319.247295815443,294.721205245445,"WD"
50.4726545018697,64.2112666600276,"WD"
25.8692875422025,46.4288688029291,"WD"
63.6999026908711,77.841453456331,"WD"
58.9648013645167,82.1554675459876,"WD"
133.814199610538,147.048508843397,"WD"
189.406621952626,192.037409930367,"WD"
127.135881693243,141.790598466195,"WD"
130.512917972153,139.816581271446,"WD"
137.169617917185,150.223193302968,"WD"
163.240073098669,176.085086423135,"WD"
180,133.796587522657,"WD"
180,239.46532271937,"WD"
243.059264361051,232.651802243324,"WD"
236.205940161193,134.606510076048,"WD"
236.553130483675,95.7483288986063,"WD"
232.987948218255,100.58753451942,"WD"
233.739382217701,180,"WD"
241.790814419046,180,"WD"
204.868507020136,188.258835149172,"WD"
180,255.434460860542,"WD"
180,288.274398947101,"WD"
328.16816361731,299.021524573164,"WD"
14.1203125370371,28.6962127693992,"WD"
0.420148733101826,348.283613103799,"WD"
358.540892217085,358.182792011467,"WD"
345.007510175972,320.741193355629,"WD"
312.092315540071,259.660961093908,"WD"
194.645207080447,211.345274491936,"WD"
188.341169945833,205.666060353497,"WD"
147.856472426376,158.492169339384,"WD"
139.375322141606,150.828760872917,"WD"
137.064567522396,146.559992579026,"WD"
127.884633696092,141.125832421557,"WD"
126.665023834717,138.404517400146,"WD"
116.251728275504,147.899538133466,"WD"
180,145.404129883034,"WD"
180,246.878619088458,"WD"
164.589830215581,181.368569606003,"WD"
177.260904902539,184.235141053946,"WD"
180,194.827452027423,"WD"
180,180,"WD"
131.2163424884,141.596060195861,"WD"
360,7.38957835138325,"WD"
135,156.822985277183,"WD"
135,309.915399183917,"WD"
346.721774917418,312.738786567591,"WD"
347.826696457697,341.20271543604,"WD"
38.2400343301148,57.5078754995422,"WD"
20.981383041259,33.2150906987605,"WD"
56.7833293430918,70.8192490703543,"WD"
77.5602957040308,105.247675952473,"WD"
94.825382284023,102.40448734452,"WD"
81.8468397465497,101.984842829483,"WD"
128.317109059177,138.414590930914,"WD"
135.699809473139,151.045612157755,"WD"
132.951517383301,146.742110487566,"WD"
119.232560887924,135.300246003495,"WD"
47.9859047190361,73.3918804427046,"WD"
138.736744629533,156.900892623542,"WD"
138.050484889194,138.955104494246,"WD"
163.361793000051,179.464892378404,"WD"
138.077494895919,153.577210130995,"WD"
99.5211694544051,127.367126348166,"WD"
62.7074725777576,83.0826971877405,"WD"
80.7427988936307,91.4230839159848,"WD"
74.5619831071899,90.4040371156374,"WD"
68.6008327246452,98.6895889680443,"WD"
81.553964846323,73.0233013649249,"WD"
56.4645058563836,68.5469756098251,"WD"
90.9571826240465,91.6934699974815,"WD"
45.0533504013783,62.9483907962636,"WD"
55.5288921115709,61.1667449980836,"WD"
50.2718776879595,55.5042393170638,"WD"
78.5162153962348,98.8749395475604,"WD"
88.2216027006891,100.741739317253,"WD"
61.8451354376289,72.2754567621074,"WD"
48.7637824087097,46.8500044013483,"WD"
160.765268094107,178.830953540058,"WD"
133.251527618942,150.502880338922,"WD"
133.563768088942,147.906070483626,"WD"
128.936273710875,145.103028353266,"WD"
51.3028266478535,65.7391943342112,"WD"
100.4137406,104.83754225087,"WD"
115.380821324104,124.245665469119,"WD"
136.110802276978,148.540608336392,"WD"
134.973208375419,143.855053280245,"WD"
114.466558610685,116.679092463654,"WD"
118.495304775125,120.623759494003,"WD"
26.3774306350069,159.214401358111,"WD"
225,88.8766616992245,"WD"
225,122.074108379328,"WD"
225,152.173468960514,"WD"
263.126600855831,16.1347937359064,"WD"
356.913488408489,35.1442886194324,"WD"
44.9527311641367,53.4294247761209,"WD"
49.5644949235546,58.2548778574048,"WD"
49.9095892536126,67.088665197874,"WD"
111.426310131292,123.808879185132,"WD"
152.840292262562,175.287958632071,"WD"
136.135228381747,149.288265454652,"WD"
126.164584740236,139.00280884755,"WD"
122.301202261329,132.59081410058,"WD"
117.418484563543,124.85691945055,"WD"
110.659152421236,126.438901772442,"WD"
159.332421412397,175.283597722772,"WD"
138.986328099658,143.044538298065,"WD"
111.978333008959,122.012101733561,"WD"
89.4633089426696,102.19539329357,"WD"
129.030162743487,141.48631739109,"WD"
164.835971190191,149.782810383134,"WD"
143.509076425236,152.269809029741,"WD"
148.257361183482,159.886955758075,"WD"
156.607865114706,151.7725847769,"WD"
153.874455668066,156.595334461888,"WD"
173.993606637612,148.505940170027,"WD"
153.615032429855,144.996843321594,"WD"
180,96.7083859330763,"WD"
346.462238680986,339.459772470657,"WD"
40.2897605511838,55.5608242256516,"WD"
45.8839811476955,62.7027687250655,"WD"
44.7550870339246,62.0053959011011,"WD"
42.4822610147483,55.8689718538104,"WD"
116.174052544608,137.48968690094,"WD"
169.075325566168,191.389795488215,"WD"
125.473798006192,137.701524093948,"WD"
128.013511547102,143.739420437706,"WD"
112.550975853003,126.118109822644,"WD"
110.83451852995,126.58658048536,"WD"
89.0842084432058,106.565688056636,"WD"
116.032060158844,124.570287009203,"WD"
113.589876455439,122.908395873146,"WD"
113.716781853487,129.297922120597,"WD"
72.9925597162723,85.2183066847531,"WD"
61.6403653938162,84.4674288183854,"WD"
74.3652263969954,83.9602529351276,"WD"
75.5939613841448,84.7941886433216,"WD"
105.834336019575,115.908380378164,"WD"
85.0373767537925,103.01905596875,"WD"
180,125.301878607839,"WD"
180,122.050364595251,"WD"
